0.0	0.0003076630993204	0.0135647533532049	0.0077058465693863	0.000513800255405	0.0093964315742598	0.0319222242695892	0.0210031884989987	0.005758430699736	0.02021612240294	0.0039250191507743	0.0067023148688694	0.0001071143638913	0.0309374400304643	2.382101345088044e-05	0.0008713376050878	0.0215922154686959	0.0044719065168813	0.0155845128509164	0.0143587113530353	0.0168070633472432	0.0089635387884317	0.0172105931914396	0.0148540925695118	1.3931473022596616e-05	0.0163617464380782	0.0084976718938384	0.0220375348197736	0.0335435642036909	0.0290733456522828	0.0	0.0046057616612118	0.0016844479377712	0.0210284000504183	0.000169983225503	2.8389588604622815e-05	0.00015301907201	4.284631296229619e-06	0.0	0.0	0.0018021424126237	0.000148068588376	0.0006165868699406	1.6383795928833847e-05	2.8389588604622815e-05	0.0	0.0	0.0008216031259545	4.984604822808009e-06	0.0042086640593856	5.140441380199256e-06	0.0	3.560431913236432e-06	5.3884554265470825e-06	0.0047211047163744	0.0016235850548105	5.514906415758491e-05	0.0044872038040386	0.0	0.0001401223018871	8.942225806374237e-05	0.0053546507013929	0.0010357887288947	0.0014872401475538	0.0	0.0	3.3629453238460976e-05	0.0001676520675663
0.0002234597598015	0.0	0.0089683879957413	2.823353631166529e-05	0.0	7.193586155567283e-05	0.0006902149664609	9.461222678873206e-05	0.022325566364355	5.434989230460997e-05	0.008129231167394	0.0006292367971638	0.0188649534411554	0.0002117597018798	0.0003601727044333	0.001502620307181	0.0166002867508235	0.007363916589652	0.0102322568035147	2.3607151762996087e-05	0.0006394615197742	0.0267029506997042	0.0111692145532761	0.0178492589162333	0.0264095757351122	0.0182877040572903	0.0300568519211486	0.0028771889091051	0.0023518495605075	0.0030428836169929	0.0052631835303643	0.0	0.000107002068711	0.0048045965754271	0.0	0.0070222109197714	0.009093955053999	0.0	0.0	0.0	0.0001381935028464	0.0	0.0	0.0	1.6283965915907195e-05	0.0	8.541592303271634e-05	1.6285809070409424e-05	0.0	0.0013093847413045	0.0044327451076097	1.4872414550953262e-05	0.0009966426284126	0.0	2.1502527973466103e-05	0.0006548598176103	0.0013203956169262	0.0006103366291267	0.0001929832233412	0.0107112289872599	0.0162803710325416	8.875141797391384e-05	0.0	1.852651865244416e-05	0.0	0.0	0.0	0.0002143760450397
0.0116066557314786	0.0142616918024487	0.0	0.0050789425689192	3.4080469493581394e-05	0.0081451868305628	0.0321541179895515	0.0104878021621575	0.0008912525261539	0.013262576812564	0.0019811447462302	6.247173235954827e-05	0.0	0.0126770950771508	0.0	0.0028208438335116	0.0259217745557811	0.0080814769952408	0.0145871681462273	0.0035801453076473	0.0250938082159701	0.0091674862236179	0.0351366903114726	0.0105743452382118	0.0	0.0370802534380969	0.0317939169857703	0.0265965679210728	0.0089740203998928	0.0212378506932152	3.2034043708751935e-05	0.0004641638059561	0.0002933881600615	0.0152725764617573	1.5194243832977074e-05	0.0110722681854478	0.0288186926081742	4.49910155353517e-05	0.0	0.0	0.0016088341175478	0.0001011085709589	0.0002152302731363	0.0001288482549703	3.373861102461511e-05	0.0	0.0003465318925292	0.0002692192003095	0.0	0.0070858946783286	0.0202915422171808	0.0004846592550247	0.0092336083043407	0.0	0.0003605626299344	0.0033689121089347	0.008460600526224	0.0040859866951428	1.7033732265089735e-05	0.0242157031795177	0.0304407455144046	0.0016092835886337	7.942428727089848e-05	0.0002699900438908	1.9518721942283856e-05	0.0	1.1416045732066324e-05	0.0022731165408308
0.0093680386408558	7.63607868478341e-05	0.0033109207805815	0.0	2.247070966475104e-05	0.0094780770664154	0.0192354978867637	0.0120887764863502	0.0168062781440652	0.0322167726419109	7.722299555905357e-05	0.0155110681282423	0.0	0.0144947856173033	0.0008425144717052	0.0002202300822797	0.0037127327019087	0.0005341128370247	0.0009568576567963	0.035013159049417	0.006599576859374	0.0007542864036509	0.0024385541761845	0.0268527685706346	0.0	0.0076163667135407	0.0018965098102691	0.0291496048076032	0.0242054865416414	0.0054402053882737	0.0	0.0002545620644033	0.0125540935391844	0.0128376961897061	0.0005638838150556	0.0	6.56342080328896e-05	0.0085619619598673	0.0	0.0010686866598221	0.0019009725401847	0.0023642902357443	0.0108928216935689	0.0037479460854684	1.9829894181830928e-05	0.001639601338679	0.0	0.0008092018337509	0.0	3.8403626831090775e-05	5.0376626430338686e-05	0.0	1.990465929773333e-05	0.0068763565906598	0.0004529754610575	6.997674888667055e-05	9.529225854559618e-05	0.0126423714907971	0.0	8.811764367656724e-05	0.0001387583918821	0.0093264031836622	0.0024345423591786	5.056002536024337e-05	0.0	0.0	0.0001466001281023	0.0008553704378613
0.0008456588374687	0.0	0.0001046672210705	2.875254121564149e-05	0.0	0.0241086777512967	0.00320098305925	0.0096752837926267	0.0032457179609909	0.00388503337463	2.3964477580884724e-05	0.0048128068931633	0.0	0.0018807960218598	0.0268619603665303	0.0	0.0001850351115359	3.512899258586486e-05	0.0001989576584056	0.0014908216904258	0.0008121762066309	2.721484277906244e-05	0.0001138048205816	0.0004516953507572	0.0	0.0001568993926427	2.692598067143314e-05	0.000694881632586	0.0001021630312974	0.000113022600123	0.0	0.0192305638652146	1.7964256208204967e-05	0.0037203638449167	0.0	0.0	0.0	0.0	0.0	0.0	0.0	0.0	3.758246198249144e-05	0.0	0.0	0.0	0.0	0.0	0.0	0.0	0.0	0.0	0.0	0.0	0.0	0.0	0.0	0.0	0.0	0.0	0.0	0.0	0.0	0.0	0.0	0.0	0.0	0.0
0.0116400136110593	2.357897829171292e-05	0.0105642984138925	0.008738719887985	0.0236648618102183	0.0	0.0316245311376729	0.0386698997290498	0.0132688011710744	0.0382672461833705	0.0044411256232649	0.026827635910006	0.0005492348440537	0.0266966427848226	0.0212829229461467	0.0003335456358923	0.0104479645349655	0.0005933553471825	0.005794266169568	0.0234422509225362	0.0136122811057392	0.0052856906865162	0.0091414469958153	0.0157121192385552	7.303169189611736e-06	0.0139410153846986	0.0086964805272816	0.0210091071288151	0.0286644100700485	0.011966389708711	0.0	0.029490292159412	0.0108978316413068	0.0268262707211353	8.371545164832376e-05	1.2545652934728988e-05	2.696687068471273e-05	0.0005452229683492	0.0	0.0002387191448084	0.0001798544225706	0.0008719130205115	0.0019521285582585	0.0003221616914375	0.0	3.931166710210214e-05	0.0	0.000790384989146	3.379513581547386e-06	0.0013223564040642	0.0	0.0	0.0	0.0004436250916401	0.0014895740422504	0.0003772043368159	0.0001250418672913	0.0057316892997983	0.0	4.095243273868653e-05	0.0003157941420148	0.0048729837592216	0.0006457271643215	0.000234625112373	0.0	0.0	2.288767520141551e-05	0.0003342311110809
0.0319342011457859	0.0006599929495923	0.030989560300184	0.0163493705746209	0.0010915885401499	0.0299214846349325	0.0	0.0307640832333454	0.0231794822972658	0.0355861205029427	0.0082725345302791	0.0064882668021174	6.587486120471517e-05	0.0321316509568918	0.0045831461909333	0.0130102571482629	0.0268378422764031	0.0106403194367516	0.0191687228886892	0.0164188491269849	0.032370759260489	0.012224964315507	0.0302490794648132	0.0272646014092646	1.7401028127127893e-05	0.033136369291463	0.0283829428610573	0.0362060259014168	0.0334262818846983	0.0336735842960933	3.410983814288641e-05	0.0073638219771333	0.0225277109308808	0.0248224493205833	0.0034026816034531	0.000500128789896	0.0054334548921048	0.0029233825318545	0.0	0.0004107436224068	0.0030799450468672	0.0030212157617514	0.0092692577147873	0.0023322398490439	0.0	0.0002602571430632	0.0	0.0019715433941267	6.154014662056581e-05	0.008073236551918	0.0005419185961574	8.828067076045299e-06	6.161975612928595e-05	0.0027796212317768	0.0094140316788052	0.0035057866480409	0.0037919623202866	0.0161929760673207	0.0	0.0034753043130549	0.0075247500082329	0.0142075674745421	0.0036645166572571	0.0034520707269843	0.0	1.5721703471667214e-05	0.0002728471709807	0.0016779721328728
0.0260489230719921	2.4797854740720303e-05	0.0130742125177937	0.0092781383200318	0.0108391139858664	0.0347958981004241	0.029130608102259	0.0	0.0068268031005427	0.0317321582713699	0.0065438985951806	0.0204700388023638	9.674793843237604e-05	0.0347635971748636	0.0049959305078942	0.0006242960527708	0.0181581105001571	0.0031627878591119	0.0119958606651348	0.0222730875032485	0.0160257067561632	0.0064082870906348	0.0132216484006469	0.0128091393838964	1.997406164818977e-05	0.0152860440574266	0.0090536057476355	0.0232019173758434	0.0259092910853224	0.0237038595264142	0.0	0.0244585707493726	0.0035115618256186	0.0251690377397829	0.0024913194365108	1.6228150553436445e-06	5.808833813117644e-05	1.9667762779239115e-05	0.0	9.764335284183013e-06	4.9041317848047165e-05	0.0003103820925093	0.0006405191514161	2.054325857658513e-05	0.0	0.0	0.0	0.0014902401060856	0.0	0.0039286514446145	1.607001245547466e-05	0.0	2.786230811489882e-05	1.6681401341676047e-05	0.0026408550270584	0.0004918723761502	6.107272521405317e-05	0.00357324541886	0.0	8.988500923273987e-05	9.773148053767678e-05	0.002346991641559	0.0007288824486106	0.0010578171349328	0.0	0.0	7.31947064598766e-05	0.0003527837122584
0.006604516249651	0.0223637549062279	0.0005969256433737	0.0142828396880937	0.0038795542662594	0.0113760192898952	0.0246997519231868	0.0066141585767723	0.0	0.0183276536954534	0.0013593099984586	0.0209631153275741	0.0040856025259385	0.0076036989609083	0.0219835755479037	0.0032020328321353	0.0051991589209405	0.0015376749392363	0.0025148508458945	0.0149678629015444	0.0051965875033471	0.0296555099582762	0.0013665199115998	0.0339144636872489	0.0128063769534728	0.0088730182260682	0.024360244591351	0.0260471117653609	0.0168052201681743	0.0171352788982585	0.0003468521025019	0.0001864055270037	0.0081280278565827	0.0061666003834035	0.0019288436722067	9.321604882828946e-06	0.0	0.0113885241564012	0.0	0.0018641980972653	0.0040879032021648	0.0051397528875935	0.0202152546576676	0.0084178609605385	6.207568503989995e-05	0.0031948425688261	7.487942652316668e-06	0.0031836109688445	9.150758643682116e-05	0.0010191560338839	4.56343419938049e-05	0.0	0.0	0.0118095145226773	0.0015616816036594	0.0030930778323359	4.241566547692255e-05	0.0199568851924154	0.0	0.0001390835728095	0.0002292543458475	0.016970871970812	0.0065645667757357	0.0008961566536852	0.0	0.0	0.000939803596007	0.0044587260137945
0.0229997429808951	0.0001991851166718	0.0140149388531729	0.0323583959268841	0.0040924990981879	0.0379265705606137	0.0370854044336393	0.0343327960422513	0.0190405614174051	0.0	0.0026567505270914	0.0278423485064508	0.0001611222285007	0.0337605737826288	0.001684424439467	0.0022014624564699	0.0108331022079658	0.0009631279752444	0.0055797827676337	0.0390602226534915	0.0175431626831133	0.0026294009157417	0.011427460667386	0.0235773580848243	0.0	0.0172037397790708	0.0107457197847691	0.0375099711056716	0.0367059012640768	0.0140782338229415	0.0	0.0136888123065213	0.0175624678146678	0.027697161952313	0.0006980451495085	4.506447021845436e-06	0.0009501943675409	0.0054289802800686	0.0	0.0012554366601185	0.0041707727564014	0.0023288918319023	0.010975441031631	0.0034357865367297	1.2166947505414176e-05	0.0020531352579699	0.0	0.0008956481431932	2.229564895944081e-05	0.0014113424422154	3.0070194733724475e-05	0.0	1.2166947505414176e-05	0.006160843595295	0.0030617851170592	0.0007876015332797	0.0002258095527216	0.0159082436493536	0.0	0.000218977677993	0.0009164655133558	0.0107315764412808	0.0025307739133212	0.0003462996180233	0.0	0.0	0.0001495350753736	0.0008810860849848
0.0052063003771054	0.0087358403407074	0.0011326900725806	3.317788693464985e-05	5.802257660929917e-05	0.0089244249910452	0.0074070376892355	0.0088558578050069	0.0013476926482047	0.0041560354949868	0.0003837799651673	0.0012904436001261	0.0375965372274365	0.0103354154187741	0.0002479823162463	0.0002110208009444	0.0111386262801448	0.0306098009874629	0.0253755756915317	0.0020072861947878	0.0083556553587601	0.0042457730055802	0.0120894597168989	0.0015624433862783	0.0166910324116013	0.0350151275512321	0.0301804588645229	0.0045049056645375	0.0095513776188812	0.0067241719328876	0.0233817961250937	0.0013297614804871	0.0	0.0314012411020233	0.0	0.0013710424389029	0.000247878997499	0.0	0.0	0.0	0.0	0.0	0.0	0.0	3.6845053684556655e-05	0.0	0.0044674519799534	0.0	0.0	1.2474647140421631e-05	2.061039665905207e-05	0.0020322648414549	0.0009575839567517	0.0	6.687466074482251e-05	1.723208750453315e-05	2.618218594411576e-05	0.0	0.0018130947161061	0.0118065499670752	0.0103727339894507	0.0	0.0	0.0001498616216343	7.498609326707407e-05	0.0	0.0	0.0
0.0080159780498595	0.0014077703992753	9.291362768803569e-05	0.0167845651320696	0.0048782761852865	0.0292945573179645	0.0091084364256866	0.0224956887893915	0.0239966283713943	0.028003365313851	0.0008196218550856	0.0	0.0002141477791186	0.0252703271233916	0.029641686815072	5.560562059738991e-06	7.42371291630583e-05	0.0002093852698946	2.786978355844166e-05	0.0411180861068988	0.0001803206012749	0.002278990102889	0.0001010395683351	0.0116672266904087	5.2348541660099126e-05	0.0007081168982204	0.0020961955413013	0.0142346166963987	0.0284787693622217	0.0001476450642786	0.0	0.0073557142454386	0.0010838110402403	0.0243564344893076	3.954226946177136e-05	0.0	0.0	0.0052203043993539	0.0	0.0009724575933684	0.0007758052909204	0.0011607121822016	0.0117364006989119	0.0034247148297578	0.0005150392982045	0.0062639445331074	0.0	0.0005318044017654	0.0	0.0	0.0	0.0	0.0	0.0082481937425623	9.285049554541538e-06	0.0	0.0	0.009249343421962	0.0	0.0	6.133959427934068e-05	0.0068330398992127	0.0002056361031164	0.0	0.0	4.368446305239376e-05	0.0	7.439055829862739e-05
0.000856644941195	0.0196244460129744	0.0	0.0	0.0	0.0014020952978681	0.0041728641225852	0.0002858022079804	0.0040073929886779	0.0002696999460445	0.0346754590798642	0.0001198001325449	0.0	0.0004683693793271	6.156233396619531e-06	0.0022842106395937	0.0004772578697302	0.0143002520081145	0.0073887543582633	0.0001358812674203	0.0007061096994959	0.0101784771085765	0.0007458758175298	0.0029258337147693	0.0304883773331512	0.0193425213818809	0.0305780770301641	0.0008224260144183	0.0003234270083756	0.0007347389730196	0.0162055466786816	5.059909180143102e-05	0.0	0.0120133942999294	0.0	0.0031656465534597	0.0001123735086206	0.0	0.0	0.0	1.818302190899687e-05	0.0	8.43794565881346e-06	0.0	0.0038009165910933	0.0	0.0232217041810332	0.0	0.0	0.0017028528662319	2.080570816001994e-05	0.0090127631995111	0.0046389247618767	0.0	0.0	0.0003530419376416	0.0	1.5413479483071343e-05	0.013603742040625	0.0201859292589811	0.0242124221707031	0.0	0.0	0.0017139133824566	0.0038437985886548	0.0	0.0	0.0001012729359078
0.0314749993320402	0.0001403236200767	0.0133906077408331	0.0117339208599626	0.002462880849086	0.0266118361275091	0.0309991313345712	0.0348012123560586	0.0070566784970676	0.0315961083644806	0.0070567581574057	0.0216693193283899	0.0003254113039461	0.0	0.0009898837533759	0.0014912460381727	0.0201847830528634	0.0059798596174474	0.014844253190947	0.0241520807375539	0.0177308346732628	0.0091130961408034	0.0158880751726088	0.0169246189236441	4.273822088312047e-05	0.0181771506411885	0.0091312092132788	0.0242127530590593	0.0337626455337593	0.0260010999258245	0.0	0.0133360367700676	0.0051516885155025	0.0252009275473097	0.0005048262704959	3.1326901378409366e-06	0.000102702950775	3.301067181315647e-05	0.0	0.0	0.0002603670037219	0.0004523454904936	0.0012767585899245	4.566604236687024e-05	0.0	0.0	0.0	0.0008707078717759	0.0	0.0039204791437	0.0008082125651056	0.0	6.8708282552607845e-06	6.501573584384168e-06	0.005265690256684	0.0015407948699888	0.0002752502147946	0.0053576532026973	0.0	0.0001508458003274	0.0001790809057283	0.0064653704391882	0.0011129519362685	0.0016079106092645	0.0	0.0	0.0002938893124243	0.0004809267020146
0.0009326872127602	0.0012663331007484	0.0	0.001716636962105	0.0312586694269141	0.0270282685328766	0.009939154146173	0.0112909100988023	0.0261178115795226	0.0061960388552059	9.636781805447006e-05	0.0300251860981936	2.2987282782702885e-05	0.0033861320590176	0.0	0.0	5.356794819601772e-05	0.0	3.2612853173998e-05	0.0050254725152281	0.0	0.0022426958203159	0.0	0.0166329977629875	0.0001272257613343	8.38568126107445e-05	0.0015937058998055	0.0077220352743203	0.0046186204549835	0.0001546324905756	0.0	0.0073234901988569	0.0004942781627284	0.0038355836964196	0.0	0.0	0.0	0.0005236604193513	0.0	0.0	0.0	0.0	0.0042780302545543	0.000216456224629	0.0	0.0001231553130472	0.0	0.0	0.0	0.0	0.0	0.0	0.0	0.0010001580295875	0.0	0.0	0.0	0.0009114914998617	0.0	0.0	0.0	0.0004558534812085	7.174897396011401e-05	0.0	0.0	0.0	0.0	0.0
0.0015054578519256	0.0018046147941414	0.0040641468801526	7.32078434190869e-05	0.0	0.0002110641723126	0.0091659638956683	0.0009276400856141	0.0006850700858591	0.0011111832630534	0.0001691707099407	1.0752442334181109e-05	0.0002225839668657	0.0030903608519162	0.0	0.0	0.0034424072473363	7.185518367109065e-05	0.0013846769030161	1.7509290709685313e-05	0.0263709664226486	0.0300982444162648	0.0318130718033115	0.0229010709206543	0.0001036800439109	0.0098108497036871	0.0310542764507409	0.020832838321564	0.0020252046097078	0.0103496141620676	5.691843725887055e-05	4.345591686671108e-05	0.004261555490755	0.0049439989483308	0.0020262515858133	0.0001334226158295	0.0064372016912951	0.0	0.0	2.5095128603640015e-05	0.0017806208023719	0.0011960894761331	0.0011731382204841	3.458570752755724e-05	4.684778936501398e-06	6.293693179099995e-06	4.392869700897067e-05	0.0042312831743278	0.0	0.0244964786234545	0.0005117912333644	9.057718488622508e-06	0.0001645859408986	0.0	0.0221714514536443	0.0176356545828655	0.0298195590371804	0.0100285676823975	0.0	0.0005508788978078	0.0165439225660945	0.0087457736712356	0.0037447287936053	0.0114412864317325	0.0	4.202497781986299e-06	0.0003108857621517	0.0008570686537015
0.0200840069624736	0.0149186489045629	0.0238669709752608	0.0014237411775653	0.0001219256554009	0.0039083741482373	0.0241629228290515	0.0158733528633189	0.0034033189080519	0.0083862641474157	0.0108763870059191	1.1528373358557338e-05	0.0004975057260981	0.0190992190881375	7.034127835858525e-06	0.0024019800932689	0.0	0.0082008223630809	0.0282847663220365	0.0013942771311639	0.0221394919955771	0.0085125383171918	0.0252987591370523	0.0079960033821243	0.0004155757054388	0.0286203052576534	0.036304497956994	0.016890644230201	0.0199552988436917	0.025632920672984	3.384118283068782e-05	0.0018854392149521	0.0001043868899666	0.0228182983931745	1.175614661971461e-05	0.0090440473222461	0.0176921462086405	0.0	0.0	0.0	0.0002885126478645	1.3247173432025084e-05	7.422217746532479e-06	7.1358873950273726e-06	1.0243969076173143e-05	0.0	5.568662752315735e-05	5.56293141528752e-05	0.0	0.0011821895262284	0.0119398864133172	0.0001824479322156	0.0051789618930486	0.0	0.0003308813335103	0.0001649196778148	0.0012354409203662	0.0006310435449069	0.0	0.022563554227469	0.0234761758507523	4.244852295097449e-05	2.215476383623518e-05	7.003429235564298e-05	1.2392208307581827e-05	0.0	0.0	0.0001500138802211
0.0038925014454697	0.007176897935782	0.0061605834823305	0.0002536498421567	2.688720408387835e-06	0.0004333174586439	0.0086072261238827	0.0022908747370135	0.00068851733705	0.0007788906240949	0.0284818164104023	2.251184618126509e-05	0.0135988487952761	0.0041394004633036	0.0	6.659752413021934e-05	0.005989633440182	0.0	0.0208704447543891	4.327613997295043e-05	0.0054428750615056	0.0027305332926958	0.0083311713658621	0.000738066617726	0.0118067259105046	0.0312546859914212	0.0275205545921612	0.0032741061313649	0.0047730715320204	0.0052485253119055	0.0090414063492821	3.1640605802934525e-05	0.0	0.0108615968248988	0.0	0.0011039894010655	0.0006944383968704	0.0	0.0	0.0	0.0	0.0	0.0	0.0	0.000114091494066	0.0	0.0031813350004912	0.0	0.0	3.283215183202152e-05	3.326773642465346e-05	0.0029170181806302	0.0019445307809273	0.0	9.49353511810577e-06	0.0	5.208287073632309e-06	1.8206792968900885e-05	0.0038453398483857	0.0144381683178127	0.0127816514017924	2.688720408387835e-06	0.0	0.0	0.0003122276655355	0.0	0.0	0.0
0.0163936935985427	0.0092087156220788	0.0136838635620895	0.0004288551034415	0.0001526885962437	0.0025065843656814	0.0193808202371837	0.0120310650435164	0.0023717633206701	0.004054358932304	0.0235433987559959	8.445584216962352e-06	0.0066998204133544	0.0154369300169935	4.633438888089654e-06	0.0012294823669267	0.0293634314733753	0.0225738295915617	0.0	0.0003606782648922	0.0155276492404531	0.0052631295873534	0.0186145803082062	0.0034710567082307	0.0135660668535587	0.0369277260984422	0.0338812342354978	0.0108960064926022	0.0158591207436995	0.0188654100516089	0.004477002187866	0.0007935493733918	5.609490601024436e-05	0.0236817335999753	0.0	0.0089506183477517	0.0050807319591021	0.0	0.0	0.0	3.047327704261423e-05	5.8858681344809136e-05	0.0	0.0	4.070785995524982e-05	0.0	0.0004927340657397	0.0	0.0	0.000191690216838	0.0024706010362221	0.0014441088654378	0.0061319217600378	0.0	0.0002443478917986	4.844749101464736e-05	0.0001302478572865	0.0001044869643833	0.0003544355049534	0.0216221872024969	0.0187822071957839	4.921911815054452e-05	0.0	1.8952737005008787e-05	8.818654624682338e-05	0.0	0.0	3.799770330069349e-05
0.0120544615088867	2.2341357776408795e-05	0.002636809376327	0.0314360758578895	0.0005739338777311	0.0176592046097942	0.012353204305563	0.0189584804788798	0.0150692888873477	0.0318768455104984	0.0004612670476521	0.0333449748507323	1.5586931824880274e-05	0.0211218316720144	0.0009004339723446	1.7073143820541553e-05	0.001575436137389	7.580450835846204e-05	0.0006056992753826	0.0	0.0047261077819509	0.0004670449765446	0.0013576492174604	0.0242775552211966	0.0	0.0037883075789525	0.0007167999486897	0.0263960314668363	0.026867864276324	0.0038698895869448	0.0	0.0037884207695122	0.0094143865840315	0.0163437637342197	2.88387069651866e-05	0.0	0.0	0.0041431855525145	0.0	0.0003484045742727	0.0019557827055544	0.001390673730189	0.00975457551232	0.0022389459513881	0.0003439749442784	0.000869102833332	0.0	0.0002685684314723	0.0	0.0001837878861963	0.0	0.0	0.0	0.0037685479078861	1.922556574409641e-05	6.515375316367018e-06	0.0002383496927942	0.0131196232422089	0.0	5.828870857325519e-06	4.5974510095981485e-06	0.0073371103801231	0.0008174909855832	3.6203779257965175e-05	0.0	0.0	4.735582822785079e-05	0.0003046319025586
0.0178229559287151	0.0009746109372458	0.0228381381367332	0.0070403159398574	0.0001107387454476	0.0087585863611286	0.0317031732545592	0.0178806038193266	0.001879029235101	0.0152790326358773	0.0087524173361885	1.7257876598142803e-05	1.491894664556337e-05	0.0192414355872816	0.0	0.0257605049181131	0.0230740847496507	0.0057732710043019	0.0160962053350994	0.0059345373345344	0.0	0.0265715253296996	0.0393835695346202	0.0132636249143907	5.5505219802310486e-05	0.0222454458131102	0.0216035742513123	0.0317239815532323	0.0147083659191145	0.0361381054722639	0.0	0.0011620491615689	0.0010023761607551	0.0328096357200457	0.0038535074755694	5.787813882753892e-05	0.0120156901746729	3.949076746357168e-05	0.0	8.366167575077701e-05	0.0022722408605505	0.0032830603999534	0.0020471822274632	0.0002527139087451	4.614988999803316e-05	0.0	6.031144615075719e-05	0.0084353818014443	6.9596926034219656e-06	0.0221593028133217	0.0003339423560212	0.0	0.0002531896167754	0.0	0.0213570700252622	0.013090342309707	0.0196907955236645	0.0137121286782758	0.0	0.0008209333190184	0.0141378291195956	0.0110871886161112	0.0084287611424719	0.0154634418724605	0.0	2.513472089765168e-05	0.0009999879800913	0.0026905674700049
0.0043885767638999	0.0274085285598449	0.0041470410997386	0.0001799438615914	3.9070886920711655e-05	0.0011722310908737	0.0077047309903405	0.0028733442012158	0.0316177109447175	0.0011866075185666	0.0030112037333135	0.0014287977506083	0.0086230142002628	0.0045948497766081	0.001164732962222	0.0228150449061908	0.0076599869468046	0.0032179960104067	0.0048232881678413	0.000130712179097	0.0188734085552327	0.0	0.0216965894776866	0.0325120730195832	0.0165301253561302	0.0131234628366864	0.0308823097230555	0.0175810599640011	0.0106382929923925	0.0157708318607423	0.0013879746226445	7.116624360721738e-05	0.0011003103617845	0.00486891878774	0.0015593839804813	0.0001572710389119	0.0070639856736363	1.5232285227691511e-05	0.0	2.155534937686677e-05	0.0011327430911974	0.0012595333751929	0.002748917782485	9.907483014831368e-05	1.8620508182445924e-05	0.0	0.0	0.0029829709875801	0.0	0.0172024590967478	0.0001815861430756	0.0	8.464935759317578e-05	8.711138992811852e-06	0.0127250929721508	0.0123746104981466	0.0244661029712432	0.0090428815073473	1.5314931899987353e-05	0.0008957718996591	0.015816225665633	0.0099016984578846	0.0041568212628114	0.0064117980939679	3.566868367823389e-06	3.905785610067918e-06	0.0003881168235142	0.0005157343302874
0.0186764438549828	0.0164581455661245	0.0351341368618452	0.0019537103462254	0.0001551092425355	0.0071171484269056	0.0311950101852705	0.0144537079914929	0.0012490015758085	0.0111553105855967	0.0114650838032807	1.5621062264636892e-05	7.491821278052253e-05	0.0180766127602823	0.0	0.0282199520430491	0.0272314372375185	0.0090838723541176	0.0204473818909672	0.0019235225769508	0.0389919171152156	0.0300037584236607	0.0	0.0181957639515373	1.7708027705824604e-05	0.0307388909657925	0.036478228176789	0.0309792451030004	0.0162720946601947	0.0319442293290018	0.0	0.0016886969776163	0.000467836600784	0.0292162614652342	0.0002403631258131	0.0049125325031251	0.028356016798691	2.755244567619172e-05	0.0	1.8241055660067684e-05	0.0047742415981787	0.0008584386215181	0.0008245393163184	0.0006501479163782	0.0	0.0	4.309587287048175e-06	0.0008909829440942	0.0	0.025325092658373	0.0045459063676499	1.475562776427871e-05	0.0007855447080281	0.0	0.0137328981997547	0.0174349066399698	0.0330120528035532	0.0078228846778297	0.0	0.0087978175989243	0.0331316436315667	0.0054802634953792	0.0004854104835082	0.0065327397228328	0.0	0.0	1.61474619644969e-05	0.0007940375421367
0.0155312060482717	0.0203811504557914	0.0118036996380489	0.0225021755964377	0.0003061910550514	0.0144388473648018	0.0267777309802091	0.0138021807281034	0.0359825621358411	0.0216595611718338	0.0016606084358342	0.0159931859978006	0.0027458406803126	0.0177342413612353	0.0116897479535585	0.0292454074320739	0.0097421797246549	0.0016380588655002	0.0049436134741296	0.0233882913179611	0.0158410345500361	0.034473086349623	0.0222565878345324	0.0	0.0099026377714944	0.017777974020225	0.0326228299531266	0.0348449338554912	0.0273918127643059	0.0298907270332889	0.0002152176556988	0.0003656159465239	0.0202466500639919	0.0209034006403899	0.0114664078985077	0.0001612599775357	0.0033581725909862	0.0127328323783617	0.0	0.0082009323493496	0.0114549389391018	0.012817611971844	0.0208158824910015	0.0104927661748369	0.0003417538975205	0.0020127033251821	7.001115571531639e-05	0.0109795739910099	0.0011686390071897	0.0142448159892412	0.0002646469269422	4.7544174303896814e-05	1.9244404352189854e-05	0.0131087724957659	0.0239901657714767	0.0153138498861667	0.0042115287766232	0.0268212572025681	0.0	0.0014935107418658	0.0040729939024975	0.0298400990877884	0.0193858805559881	0.0136387627022878	0.0	2.822619992286921e-05	0.0069526175061007	0.0148418224780297
4.481020463709399e-05	0.0278208256009456	0.0	0.0	0.0	2.880403677749868e-05	9.535370134692142e-05	5.4176953205604927e-05	0.0123490703222105	0.0	0.0165146242660916	4.5602629377263246e-05	0.0316862294088985	2.6249346242682e-05	7.500053429928566e-05	0.0019524489355111	0.0004710544451346	0.0158309622959412	0.0183014408729821	0.0	0.0007420870392018	0.0190083171890516	0.0007153614849377	0.0101848741909661	0.0	0.0178579456451519	0.0285452442857527	0.0017576525027436	0.0001571023181487	0.00023533161882	0.010947928349636	0.0	3.090626560760822e-05	0.0002355877467042	0.0	0.011466366153264	0.0001122041487258	0.0	0.0	0.0	2.411090045450711e-05	0.0	0.0	0.0	0.0018362593230637	0.0	0.0160931444193336	0.0	0.0	0.0001158701240055	0.0001448834203912	0.0095672572303062	0.005481439408982	1.6744616194145406e-05	0.0041028891827625	0.0001485688760181	0.0	6.453830083089782e-05	0.0107248720339584	0.0239270359858524	0.0219131715635048	2.009923111946069e-05	9.002614476508912e-06	0.0	0.002201085674905	0.0	0.0	7.751648314813312e-05
0.0176847830613825	0.0166364782646141	0.0374646253010605	0.0051801733844195	0.0001493208650271	0.0117850900520415	0.03441188837993	0.0158418862576437	0.0072690017181953	0.016759681109644	0.0319702798442986	0.0003173767821423	0.020944587062849	0.0187784292304098	4.625401292351313e-05	0.0116777989285154	0.0303638206773567	0.033349845269309	0.0378970957838625	0.0050958100818855	0.0238554524516187	0.0137815293040369	0.0317325360583471	0.0167039925256714	0.0153048504647452	0.0	0.0407123857901574	0.026690278693347	0.0149347855609013	0.0232326581920799	0.0201205156419139	0.0008740657086905	0.000242618214437	0.0247366084437698	0.0001090306394696	0.0187520551113741	0.0184783482913053	0.0	0.0	0.0	0.0011622247850612	0.002485542371025	2.4456510313873303e-05	1.0598423381685233e-05	0.0014942068779981	0.0	0.0152560481504923	0.000491467025366	0.0	0.0013685972630671	0.0179061005563445	0.0103602985956006	0.0189453053689927	0.0	0.0001898200908842	0.0002653749050026	0.0034562130087723	0.0009199530262427	0.0112971872428812	0.0335012998491269	0.0346543363006165	0.0005187694305617	0.0002368845437194	0.0003413933195918	0.0007826388653863	0.0	0.0	0.0007164737272258
0.0102777120576549	0.03074568101776	0.0303567370182467	0.0008485962684944	3.338802002462518e-05	0.0053470648513632	0.0269498541633124	0.0093446764197948	0.024295864933901	0.0086874879697021	0.0290902740349759	0.0012128122479338	0.0306232984059534	0.0101566803966936	0.0007171416720098	0.0303760590020138	0.0377645600783942	0.0278538706555735	0.0352087447790143	0.000627011183648	0.0214631382388615	0.0318593971519513	0.036669773364049	0.0298259137988498	0.0265031912192973	0.0397910518275644	0.0	0.0273113373949429	0.0084341246052392	0.0138587505501965	0.017363515764196	0.0001974707890409	0.0007676618151919	0.0302930496488454	0.0001483351777513	0.0254850536491314	0.0323057255053248	2.093283752287584e-05	0.0	4.591906859370456e-05	0.0047603164844464	0.0011905719335961	0.000123266727127	0.0004859678730296	0.0016329192872442	0.0	0.0134525251566406	0.0016860329733498	0.0	0.0116699081191107	0.0207644063474416	0.0117732288229306	0.0178987352214087	0.0	0.0020415583126565	0.0113165015935382	0.0233185065356945	0.0068945508322393	0.0129304443860137	0.0368993663646376	0.0385068583999115	0.0040372746081184	0.0002116280066279	0.0002128036094424	0.0027887021326571	0.0	0.0	0.0028556828905225
0.0217097174324515	0.0025397229961982	0.0264713874206361	0.0251022781047831	0.00026881004915	0.0193241043559294	0.03676530246362	0.0221443482831821	0.0261768647407074	0.0338287667709256	0.002760886106439	0.0083337482769256	0.0002666554301321	0.0243514689380091	0.0033905322025504	0.0258314703564463	0.019910407828619	0.0038460843900788	0.0121674594693453	0.0258680407290407	0.0347577709407845	0.0204436498515198	0.0329603711204887	0.0365211654968398	0.0007466670024614	0.0262267489072603	0.0299458293135537	0.0	0.0345192054223972	0.0393194364401908	0.0	0.0023290542155184	0.0281876833667065	0.0279807006946792	0.0078187475127642	0.0001673019767587	0.0042206405896886	0.0067228137070915	0.0	0.0020961534563904	0.0065556249493892	0.0077340254217682	0.0172693306501222	0.0053265889858396	0.0003150934079611	0.0005964810522919	3.865371544480412e-05	0.0119452080919343	0.0006638632917787	0.019155925196546	0.0002178572517783	1.0393712727255202e-05	4.008975082313956e-05	0.0062257480396856	0.0179562632707833	0.0127142853666028	0.0052110023537974	0.0248468721154907	0.0	0.0021387478064391	0.0069920437156189	0.0247512963065146	0.0146793863304425	0.0125650609775093	0.0	0.0	0.0062103590324514	0.0087595115650075
0.0356612600315883	0.0009294232299259	0.0122150734151189	0.0215551749396429	0.000166195809675	0.030733902981091	0.0330585178341367	0.0247675941837556	0.0160171277399013	0.0349734821140657	0.0075531287612748	0.0257677890168562	0.0007165230473907	0.0356472818507027	0.0049607450662125	0.0020195197254616	0.0224990803964842	0.0056874349114531	0.0179758114216307	0.0303923300016788	0.0159583778541415	0.0182288754389276	0.0162667523818175	0.0263224270462512	0.0008343888275163	0.0154763449846869	0.0085444143301535	0.0335099438408143	0.0	0.0321441852019219	0.0	0.0172939467937667	0.0296981851731492	0.0286095309625109	0.0023112862738382	2.4874167299580025e-05	0.0001505519380496	0.0001301341040628	0.0	5.001972348545579e-05	0.0012370998604164	0.0027022224578538	0.0036879822544568	0.0004484519978322	1.334897963138361e-05	0.0	5.640036517506868e-06	0.0027479249954524	1.2669089939522484e-05	0.0092649033364149	1.6503277435418766e-05	0.0	3.642607112228986e-05	3.922230318951013e-05	0.0146905135408825	0.0059515842468193	0.0006154666012059	0.0124377707912446	0.0	0.0001049473184619	7.250070776729353e-05	0.0142399463269164	0.0033270336805456	0.0041479901072306	0.0	0.0	0.0005792644323552	0.0019562909449741
0.0304262953630884	0.002779671934298	0.0216419340642316	0.0067708706485631	4.2532640074655325e-05	0.0103778098093801	0.0354746070344954	0.0258881126023117	0.017123566412049	0.0131457630339875	0.0037269047847779	6.970992229032544e-05	2.7926546768016856e-05	0.0282775478558264	0.0001308100277656	0.0096343224602283	0.0278639499276875	0.0067360403222934	0.0197254869110462	0.0047569756463659	0.0365335663833489	0.0241421491507299	0.0318296688614319	0.0310296789173758	0.0001410408529456	0.0227600060933623	0.0152653023604617	0.0398668145094431	0.0308658140468741	0.0	0.0	0.0013522978796003	0.0022953906945417	0.0290677471712235	0.0026797915547105	3.50256224802628e-05	0.0012252656721821	0.0005832202445219	0.0	4.822754073455337e-05	0.001895506360395	0.0056751579183629	0.0027472865141939	0.0001861503513141	1.879085458559533e-05	0.0	4.7390050403836194e-05	0.0047564772985124	2.393330880297779e-05	0.016381171626855	0.0001126586720244	0.0	8.919896225706242e-05	9.858108647570038e-05	0.0202277725957959	0.0092009886223244	0.0098319161176876	0.0119201868836583	0.0	0.0007050324688015	0.0016484151627924	0.013539792262935	0.0090578768135533	0.0096570143107228	0.0	0.0	0.001311075422873	0.0014181928732938
0.0	0.0048781598833523	6.875981272615323e-05	0.0	0.0	0.0	7.664834079371434e-05	0.0	0.0004442789890093	0.0	0.0204863059616338	0.0	0.0189270845871874	0.0	0.0	7.641028122973814e-05	4.6783358733502894e-05	0.0109988369007704	0.006974324923165	0.0	0.0	0.0029690266396348	0.0	0.0004824789297921	0.0103696220700531	0.0208185776789184	0.0147334845891161	0.0	0.0	0.0	0.0	0.0	0.0	0.0012488841008079	0.0	0.0010116163346464	0.0	0.0	0.0	0.0	0.0	0.0	0.0	9.664031334078123e-06	0.0006596409124318	0.0	0.0117526932922508	0.0	0.0	0.0	0.0	0.0043340232399773	0.0017307336823496	0.0	0.0	7.375973387196791e-06	0.0	0.0	0.0056210446536288	0.0136955872011723	0.0161581727388087	0.0	0.0	0.0	0.0005843552284186	0.0	0.0	8.026059368391016e-06
0.0084221120663271	0.0	0.0006433877830326	0.0006153935778286	0.0166871866190917	0.0271103001597791	0.0084698803768505	0.0263157017924828	0.0010767324858522	0.012253097035876	0.0005277175678474	0.0080551517567531	3.230771687150522e-05	0.0140367684048766	0.0059445150418567	7.540498064497236e-05	0.0021456995904431	6.704564653026318e-05	0.0007937388570348	0.0065533092576537	0.0016631660920647	0.0002142210642811	0.0010051954403464	0.0005876161144211	0.0	0.0010208430392181	0.0002657532874696	0.0038096851368059	0.0208616708502584	0.0019234744333351	0.0	0.0	0.0003918718796145	0.0216066696977632	0.0	0.0	0.0	0.0	0.0	0.0	0.0	0.0	0.0	0.0	0.0	0.0	0.0	0.0	0.0	3.368541927980846e-05	0.0	0.0	0.0	0.0	7.486530525215994e-05	8.828067076045299e-06	0.0	1.61712681562663e-05	0.0	0.0	0.0	6.569031943146887e-05	0.0	3.5825407324865545e-05	0.0	0.0	0.0	0.0
0.0048263009222554	9.78504001204558e-05	0.0004196248085425	0.012409022694153	1.1281258106651782e-05	0.0076972808663548	0.0217446299050031	0.0027471796404845	0.0065818137620838	0.0158641244332916	0.0	0.0011525974967142	0.0	0.0079102483072456	7.941705724168519e-05	0.0005628498730594	0.0002660482951805	0.0	6.509479904675187e-05	0.0112536449038561	0.0017356158317484	0.0035728174145327	0.0003835270505463	0.0207630827192303	3.303577318228628e-05	0.000265084280161	0.0008553784465382	0.028142687935368	0.0333452467254345	0.0022162031370477	0.0	0.0001638076303833	0.0	0.0151550598856738	5.652492227212091e-05	0.0	0.0	0.0001294693567961	0.0	0.0	0.0001127184430317	0.0003358908531927	0.0021163044031225	0.0001093066423492	2.4510253974917856e-05	5.069994209141524e-06	0.0	0.0001693890634748	0.0	0.0008873191801621	0.0	0.0	0.0	0.0	0.0015656079256268	0.0006022994991014	0.0003032227709703	0.0050206696517048	0.0	0.0	0.0	0.0029930070639148	0.0005911785365474	0.0001769663348226	0.0	0.0	0.0002314498780216	8.84974704728506e-05
0.0222179239676162	0.005429305501066	0.0157969481142317	0.0075718295006594	0.0029770098343181	0.0253306803664947	0.0237717126773848	0.0257081606313162	0.0055436500486009	0.023132652000681	0.0307172314296137	0.0188895882889452	0.0119395475060315	0.0260655186608786	0.0031144130733424	0.0047852061765612	0.023392847423613	0.0161768981593149	0.0264371370412836	0.0170544150897767	0.0310602686907167	0.0075279044574647	0.0278486282851091	0.0175750413930104	0.0001899550288827	0.0261473657539493	0.0317504523795312	0.0268254054620421	0.0255217457718837	0.0276652379639968	0.0019059088305399	0.0186925515367753	0.0143762491630763	0.0	0.000449657787568	0.0014571856249798	0.0049975984812333	1.1353435419381689e-05	0.0	7.702301512683991e-06	0.0003740402581935	0.0003119818543503	0.0015658731426249	0.0001921746382695	0.0	0.0	0.0	0.0006911461087358	0.0	0.0054281924127914	0.0018580033655713	6.24060983191959e-06	0.0005297211064544	1.9987269449386533e-05	0.0032850625842855	0.0008632772514479	0.0014429898867575	0.0051124620314435	0.0	0.0047342026176242	0.0093348448239035	0.00287566251347	0.0011026586487818	0.0019908795234315	0.0	0.0	5.951985745595741e-05	6.902956746051924e-05
0.0002573268548383	0.0	2.954758491502856e-05	0.0003657077860477	0.0	0.0002688787048924	0.0017542301342928	0.0003058692099132	0.0015560970270673	0.0002985358676309	0.0	3.4182844734239344e-05	0.0	0.00028259209383	0.0	0.0019955213031736	4.153854153623118e-05	0.0	0.0	7.754539905061875e-06	0.0046977870661271	0.0026741905871946	0.0007225604249379	0.008356441580676	0.0	5.428912732050417e-05	0.0003889881041563	0.0078717996520719	0.0022185891013265	0.0031044529220195	0.0	0.0	0.0002669614490564	0.0006437436189637	0.0	0.0015722295822535	0.0067948579910771	0.0152825928426937	0.0	0.0032573503337254	0.0312426208808979	0.0166230847834611	0.0072433024045336	0.0192889160311915	0.0070455271786063	0.0054378194665557	0.0001033947549785	0.0279247364732705	4.828318774253462e-05	0.0020948341928334	0.0180601610341389	0.0050645701344766	0.0180420193940754	0.0131038599402006	0.0116195196242492	0.0119823876386171	0.0113355661707293	0.018279869352885	0.0003739115185243	0.0174156790202029	0.0099853248104207	0.0266168448744843	0.0293990323097638	0.0275998541964707	0.0001216291763021	0.0003907274798742	0.0010608076357868	0.0192479322374658
6.57325761863993e-06	0.0088011084688049	0.0119235868002356	0.0	0.0	8.8956283177841e-05	0.0002577274045882	8.801812591780104e-06	9.274994254349524e-06	2.9230764970021687e-05	0.0006340377671747	0.0	0.0024793284001345	8.801812591780104e-06	0.0	9.141734794994828e-05	0.0094515359019446	0.0007244650426571	0.0060274122622421	0.0	5.477456838137217e-05	7.700257420476542e-05	0.0040853391359637	0.0003153737933004	0.0062445761699628	0.0140641649173176	0.0217655903501984	0.000250902743925	5.889708426723943e-05	4.010311822812945e-05	0.0005344294125946	0.0	0.0	0.000977316380315	0.0008128724369835	0.0	0.0071946147369515	1.1504800273500896e-05	0.0	0.0	0.0003875492506341	0.0002968156001639	0.0151050076802857	3.145522199933208e-05	0.0004440137459706	0.0	0.0155622603316707	0.0021231020456217	0.0001281180054649	0.0115028941292169	0.0096865009771239	0.0025668077603228	0.0036976215677205	0.0	0.0020851496138844	0.0278930739671924	0.0021079960184618	0.0211287300506985	0.0295463703327744	0.0209507960564251	0.0328923495715839	0.0042525497677336	0.0033712777846691	0.0032846813584939	0.00017046999205	0.0	0.0003509844516918	0.0028480071474638
9.767773805669435e-05	0.011441676791545	0.0271830748180644	4.6489813779782406e-05	0.0	1.4384497667827086e-05	0.004578220278332	4.2248930980954464e-05	0.0	0.0003040816581025	0.0001190322268988	0.0	5.166951276376571e-05	0.0001836316268213	0.0	0.0046985306525964	0.0171899199532686	0.0003154060663692	0.0033632746820577	0.0	0.009500956404586	0.0089550217835165	0.0259675919753479	0.0016141835590427	2.590583827489065e-05	0.0163502813627855	0.0310510582745054	0.0032020071010423	0.0002352313183808	0.0008487893244216	0.0	0.0	0.0	0.0034357621502581	0.003642983025337	0.0078831754931279	2.7254947704701696e-05	0.0057069308740589	0.0	0.0083679125187075	0.0316370394426266	0.0183251775417695	2.4285488258738032e-05	0.0171188970976328	0.0019898579692047	0.0001200406711649	0.0004332782361089	0.0157097134775396	1.7341482155312125e-05	0.0112385992537522	0.029773177960791	0.0020565432412437	0.0143242572792094	0.001440015197535	0.0185777924710055	0.0048032911354925	0.0351181773826792	0.0211983620522211	0.0	0.0311348491195455	0.029908584141436	0.0279249993981333	0.0120574494108189	0.0060751084800347	9.236617352397269e-05	0.0001744625962312	0.0003057586425429	0.0130482865580921
6.6921633779444905e-06	0.0	1.4835910445358816e-05	0.0119461328931172	0.0	0.0005063600948427	0.0033184430244765	2.6739164153842225e-05	0.0123651497663831	0.0062500868095457	0.0	0.0040689311991891	0.0	2.880506853188517e-05	0.0001062923043051	0.0	0.0	0.0	0.0	0.0057312434586574	3.366134650290219e-05	4.310346039056371e-05	1.7704333278584074e-05	0.0128838365781623	0.0	0.0	3.3348774916359095e-05	0.0071103933663293	0.0003121243413443	0.0001057341928088	0.0	0.0	0.0001568444581527	0.0002268068834624	0.0187258590104895	1.8241055660067684e-05	0.0093750884546788	0.0	0.0	0.0106016719206847	0.0052371453797923	0.0124365099349203	0.0199005095149332	0.0246602609635925	0.0016797325941944	0.0258726010178793	5.427326551071496e-05	0.0159289710179561	0.0006347177960166	0.0001153937213825	0.0025930305471918	0.000535035990864	0.0011370892295517	0.0350041298884908	0.0002669876550347	9.013239345326922e-05	0.0048042080088771	0.0298710874382496	8.963559173667097e-06	0.0067360314925117	0.0038941566746666	0.0313866842165101	0.0281653056434208	0.0002700133583724	5.916260239943152e-06	3.875101858393458e-06	0.0060663454569414	0.0180189387402795
0.0	0.0	0.0	0.0	0.0	0.0	0.0	0.0	0.0	0.0	0.0	0.0	0.0	0.0	0.0	0.0	0.0	0.0	0.0	0.0	0.0	0.0	0.0	0.0	0.0	0.0	0.0	0.0	0.0	0.0	0.0	0.0	0.0	0.0	0.0	0.0	0.0	0.0	0.0	0.0173778739700955	0.0	0.0147821626968651	0.0051562961819925	0.0	0.0	0.0077273316372375	0.0	0.0002728649939365	0.0293074262186905	0.0	0.0	0.0	0.0	0.0	0.0	0.0	0.0	0.0004011396642096	0.0	0.0	0.0	3.225739796432521e-05	6.636487938433849e-05	0.0	0.0	0.0221532757151788	0.0	0.0212514573162769
0.0	0.0	0.0	0.0004035270792471	0.0	0.0002266307537044	0.0009566473986625	1.0777204978662067e-05	0.0018645783221547	0.0008759615905703	0.0	0.0004324229476173	0.0	0.0	0.0	3.967334050610474e-05	0.0	0.0	0.0	0.0008009113632827	5.975138149680262e-05	3.971916738991916e-05	7.034127835858525e-06	0.0046830615919925	0.0	0.0	0.0002010276100435	0.002523992174569	0.000299657201627	9.053794641220456e-05	0.0	0.0	0.0	3.995422276090141e-06	0.0054386348195644	0.0	0.0115028641793154	0.0111102702322211	0.0177756098407816	0.0002711070058532	0.0189199615307634	0.0384469873902722	0.006642038176819	0.0381344891574494	0.0129765800126515	0.032798085675032	0.0016021606643527	0.0275907859173976	0.0227722941003881	6.590926523784109e-05	0.0059429904643593	0.0024849876381747	0.0043732055608273	0.016603582845404	0.0041982513415566	0.0006028675539371	0.0079418308796247	0.0090681346069846	0.0	0.0136563448494714	0.0066576872250866	0.0216072501534192	0.0252836869391899	0.0037450922684888	0.0002502648916028	0.024656792874515	0.0005850491174537	0.0285038184165763
0.0002136879894215	0.0002139330641696	0.0025311963832146	0.0006386390609562	0.0	0.0001919838076559	0.0024091566697298	0.0001009686070682	0.0039034008697297	0.0031717204680565	0.0	0.0003274083910256	0.0001050372722027	0.0003941720034757	0.0	0.0012545453578813	0.0003002361757516	0.0	0.0002315017737584	0.0012541936513734	0.0052851913114328	0.0016855301554861	0.0043869957205507	0.0081918892238205	8.11407649648756e-06	0.0015436895989007	0.0059384905377208	0.0075018591858984	0.0012208861281224	0.0017024844040275	0.0	0.0	0.0003867330126496	0.0002653633939658	0.0322472286815409	0.0003988491795365	0.0344492624095461	0.0049824007733253	0.0	0.0192684565900658	0.0	0.0307425811498174	0.0124738336017198	0.0321189238223157	0.0119742138414424	0.0042917846851561	0.0017819358268104	0.0356456145613733	0.0002453900657811	0.0036952114775805	0.0344472006463233	0.0138862465155649	0.0320135980867488	0.0081117612670981	0.0283871955881174	0.0080986948677634	0.0368489765061844	0.0224388473179871	0.0004794175257557	0.0346635736912906	0.0230680550641439	0.040520171414278	0.0328025935504889	0.035922889307336	0.0015895596929131	0.0015692715535417	0.0110681553232497	0.0277115738689032
7.748277900460735e-05	0.0	0.000625450396286	0.0011767390613718	0.0	0.0003886004190602	0.0019940737801749	0.0007040490168565	0.0036861453191751	0.0012869176916085	0.0	0.0003968946839189	0.0	0.0005492502070295	0.0	0.0009098226952679	1.7344666488935736e-05	0.0	9.258766431796672e-06	0.0012959761948219	0.0031790127348044	0.0024598957371514	0.0005380106853898	0.0088224450868795	0.0	0.0002332629364371	0.0006732003478374	0.0065097363070329	0.0016195976947756	0.0016442507079169	0.0	0.0	9.097642659994248e-05	0.0003513849551944	0.0135272791563523	0.0001809213337843	0.0190467239023329	0.0096700929565834	0.006178219239119	0.0345245688055922	0.0300879678592239	0.0	0.0095717662283098	0.0336316429633881	0.0103586500206471	0.0233984842530532	0.0012661581975162	0.034388025267668	0.0124807436477334	0.0013486159978762	0.0202244197754031	0.0035625526092375	0.0178745218747188	0.0197589162070403	0.0149365811955437	0.0080182317622959	0.0192408318129333	0.0168144450542962	0.0001981460825411	0.0249346316599462	0.0113802791135938	0.0238981111029071	0.0250493256200174	0.0199457427987151	0.00020014536178	0.02137483572836	0.0010915452048802	0.0267914638003149
0.0010304447740695	0.0	0.0003250768691835	0.0093525369239426	1.3620932849612452e-05	0.0038450478048914	0.0085021120487052	0.0005934226826185	0.0191782742998268	0.0104294488320159	0.0	0.0113504241890045	7.540506912100025e-05	0.0014280722337727	0.0007813449684598	0.0007928790200013	1.7590556414697387e-05	0.0	0.0	0.0111161337879479	0.0026939591481746	0.0031302741440297	0.000728744738169	0.0200046244154387	0.0	3.364407713946265e-05	0.0002171965881977	0.0186881578614458	0.0047054795758962	0.0025734854689104	0.0	0.0	0.0026527138941491	0.0025615322950365	0.0066541212072837	0.0167290661053992	1.8294786832428945e-05	0.0156070860762004	0.0056581047405286	0.0060555387433921	0.0104600780199642	0.0095138324399055	0.0	0.0142234330964211	0.000263729217166	0.0229774356157164	0.0064701510067375	0.0111435452180006	0.0248308080747861	0.0065605105903432	0.0002402650497675	0.0002348472921672	0.0005641341418165	0.0177011868844063	0.0016340658612009	0.0283295535097271	0.000179702755858	0.0336347578297695	0.0131570024558982	0.0055625938841185	0.0183679695920321	0.0221055776709817	0.0153991494485558	0.0110502489947088	3.0193002567497346e-05	4.7639583072859466e-06	0.0049687729859226	0.0088236723406167
0.0002363735359341	0.0	0.0001325380360589	0.0022996087102047	0.0	0.0008155838032863	0.0036387336661072	0.0002447936309418	0.008503629939781	0.0038053718757928	0.0	0.0029949826243642	0.0	4.131376950455278e-05	6.84386487215094e-05	1.5182736644043114e-05	1.2242440511534989e-05	0.0	0.0	0.003173286796786	0.0004453785804607	0.0003142946613882	0.0007683130668053	0.0107147935367546	0.0	3.0146259257615858e-06	0.0006811485514432	0.0056509917076032	0.0010011611616901	0.0002128412286779	5.21287385280253e-06	0.0	0.0001450924600445	0.0001232779761625	0.0236005859656462	3.5001966081206365e-05	0.0211565603171979	0.0270321876325431	0.0	0.0390044203959998	0.0333364314364108	0.0354045611953646	0.0157608523356894	1.541005354638416e-05	0.016794452429853	0.0347519786475942	0.0023543793762031	0.0330122925497279	0.0073898488669533	0.0023528102228423	0.0102431137113989	0.0042083871158209	0.0082901906483688	0.0355621645466213	0.0045820769830005	0.001028953898063	0.0175767050208256	0.024859398002966	0.0	0.0176894251080811	0.0111787916996263	0.0377345356330172	0.0380424521999186	0.0070594669867405	0.0016987674672449	0.0092861876441674	0.0074202439848794	0.030768320276572
3.6651620987132015e-05	2.636627021975833e-05	6.619759688742333e-05	5.344666618009702e-06	0.0	0.0	0.0	0.0	0.0001144840774397	6.071045914803739e-05	2.7591053377904345e-05	9.923251070586674e-06	0.0035296026166347	0.0	0.0	5.5062888948322365e-05	3.543015839412468e-05	0.0001414896995322	4.099392072931112e-05	6.0970858003485975e-05	0.0002990848733376	2.4855781051741023e-05	0.0	0.0006452559567979	0.0013097260427607	0.0010714545432804	0.0021130138250653	0.0004030139890574	4.829417318382445e-05	4.368796992662443e-05	0.000459059666244	0.0	4.336442748272966e-05	0.0	0.0079759877313513	0.0002784864054594	0.0033455155984066	0.0018446920926265	0.0	0.0176506777933624	0.0110499666693029	0.0143062227210304	0.0008432680071913	0.0209410544864687	0.0	0.0183381454061817	0.0334149799628845	0.0187355102004897	0.0036279785650973	0.0005112357838805	0.0073908354739155	0.0336629797240966	0.0196975433177399	0.0113073042731308	0.0100544025290996	0.000298709209489	0.0088348163414802	0.0028308645322748	0.0045333283551623	0.0358671999195026	0.0243623748716603	0.008381358687404	0.0182752470817662	0.0085804575416295	0.0252796307959449	0.0151435383941647	0.000186530444649	0.0345897602893438
0.0	0.0	0.0	0.0009342591133461	0.0	0.0003835176388087	0.0001174316999472	0.0	0.0052252021091583	0.0012009803612859	0.0	0.0042622821837252	0.0	0.0	0.000100616372643	8.366387085128605e-06	0.0	0.0	0.0	0.0066326511189714	0.0	0.0	0.0	0.0031280299417681	0.0	0.0	0.0	0.0009250747492863	0.0	0.0	0.0	0.0	0.0001360799672658	0.0	0.0119769586730048	0.0	0.0001110938760435	0.0284294756377969	0.0070865847145022	0.0314533142985487	0.000424109430637	0.0237947371959106	0.0270333781273681	0.0324583338249078	0.0148225611336748	0.0	0.0028199810356189	0.0275053027834219	0.0289662448458754	0.0	2.638348852431766e-05	0.0032249206383517	0.0027755074795942	0.0414561538437446	4.27226137441444e-06	0.0003244594124999	7.62542528948714e-05	0.0133379697474559	0.0	0.0057082591209379	0.0022921241218826	0.0266388350088376	0.0290058832223515	0.0001837567468418	0.000445470511399	0.0049126321100534	0.0004760429136498	0.0260420886452217
0.0	0.0001455502629001	0.0002053516899629	0.0	0.0	0.0	0.0	0.0	0.0003036161851238	0.0	0.0017263696081606	0.0	0.0226821423809543	0.0	0.0	0.0012703264045965	0.0001291402998852	0.0024329220078264	0.0007066623651444	0.0	0.0015984255796552	0.0	0.0003383331050388	0.0015482116176878	0.0136520938283127	0.0158119131461729	0.0136838721923297	0.0040299016010662	0.0004737902262077	0.0010840350063083	0.009093722777734	0.0	0.0	0.0	0.0001485512357857	0.0152163709813484	0.0006918636974524	0.0001030479379636	0.0	0.0025211743977336	0.0015325009883325	0.0013453992428882	0.0051171489196719	0.0035121130420108	0.0332963657873023	0.0032266165911064	0.0	0.0025932522936816	0.0001648722579081	0.0032386227807381	0.0013297378376772	0.0222543495831891	0.013601154579017	0.0006357336113419	0.0030036547560493	0.0095510367539105	0.0017706460841069	0.0088645701529878	0.0256632414331473	0.0285538277861836	0.0348228244721969	0.0030867417972884	0.0033486791337692	0.0019375468784551	0.0209531433354555	0.0009311835860889	2.5350008241592172e-05	0.0166142882310822
0.0009605036083985	1.9336613898789956e-05	0.0002470178906701	0.0003389262888283	0.0	0.0005328690324864	0.0014548224161863	0.0003793847762824	0.0030134599055774	0.0005231570217885	0.0	0.0001357118062102	0.0	0.000512008682924	0.0	0.0023618297547686	7.761782620759103e-05	0.0	0.0	0.0002696038312014	0.0084038368470954	0.0044392840986426	0.0004478323752394	0.0106040400757276	0.0	0.0005799135702196	0.0004616234843811	0.0109902498168937	0.0029098718422981	0.0049337090146225	0.0	0.0	0.0006385690390985	0.0006807045347809	0.0293770738014318	0.0015094044213758	0.0168245303214023	0.0136659149495798	0.0005909161099141	0.0267841066372436	0.0357967239841708	0.0361747380620766	0.010400267712557	0.0308073777277268	0.0147784678464559	0.0264130560350841	0.0029173482354919	0.0	0.0114548341184086	0.0027552374624824	0.0250634023780274	0.008039488948383	0.0226298886787217	0.0217173726226971	0.0165489256134756	0.012991838956415	0.0208581007920562	0.0196475578722081	0.0003581459314469	0.0255517576321522	0.0131599168032856	0.0277438447631021	0.0300871851611104	0.0269166927074145	0.0003096448493227	0.0165227592011993	0.0001409118031507	0.0292655961964518
5.149385167981208e-06	0.0	0.0	0.0	0.0	6.5082116257351136e-06	1.3306730290708145e-05	0.0	4.511123793164454e-05	9.22946294612192e-06	0.0	0.0	0.0	0.0	0.0	0.0	0.0	0.0	0.0	0.0	3.576577574793257e-05	0.0	0.0	0.00033359705101	0.0	0.0	0.0	0.0002053904143646	1.543473593535565e-05	0.0001063779653561	0.0	0.0	0.0	0.0	0.0007343791060105	0.0002522698610622	8.243129684794039e-05	0.0005406603777635	0.030702341193661	0.0273971739611337	0.0002470725583313	0.0213313945576807	0.0272111099418312	0.0054889485981452	0.0030090398079518	0.0322518075224224	0.0003307208907643	0.0138296537730927	0.0	0.0	1.0587353203895704e-05	0.0002250478514815	0.0001704999594967	0.0096872972778501	0.0	0.0024814142243051	0.0	0.0118077002299851	0.0005094393920376	0.0004905818108412	0.0004278849413031	0.0031051428525835	0.0125391566333153	0.0	0.0	0.0082106329718154	0.0	0.0160122906690691
0.0050675779370181	0.0023870135994834	0.0058416855577195	7.808336382361395e-05	0.0	0.0034331165915102	0.0121985294764873	0.0046587652002955	0.0036392821950258	0.0023158424415941	4.995150215269067e-05	0.0	8.058841104985265e-06	0.0071701054035026	0.0	0.0260136641163862	0.0022175778513897	7.045265960925247e-05	0.0003096088404105	0.0007512999370947	0.024174931477152	0.023907690180047	0.0295144970896876	0.0165560484786429	3.646633392977173e-05	0.0043017123627715	0.0144522643205908	0.0229554858162554	0.0124249576546722	0.0173854582377473	0.0	1.143562738232691e-05	0.0021240486804085	0.008156341080844	0.0043961551398404	0.008244723219735	0.0152082911305392	0.0001157836442121	0.0	3.6423461772074815e-05	0.0033527871690415	0.003441004351971	0.0163824142730706	0.0008824826383443	0.0006763163589729	0.0	0.0023941689572747	0.0050195355362424	0.0	0.0	0.0130772367770672	0.000340625064246	0.0051695101825401	3.282755734850084e-05	0.0285079386253485	0.0318713001525775	0.0300007891460697	0.0290057705808206	0.0036559664383984	0.016547355992764	0.0336749528119532	0.0222318932506811	0.0084352506567095	0.0165448093488857	1.8264225877934405e-05	0.0	0.0013005645887198	0.0110944786940215
1.6283965915907195e-05	0.0060197118945149	0.020087180734265	4.806510923700307e-06	0.0	0.0	0.0006157935582331	1.4722656157866816e-05	3.054270908573094e-05	1.2659629661283576e-05	1.5729957110928474e-05	0.0	1.6328887258089374e-05	2.9396445292970003e-05	0.0	0.0003035933812265	0.0130319818998542	0.0001063390390529	0.0019513483889523	0.0	0.0003409345778089	0.0002417076934265	0.0032607175613472	0.000218523667452	0.0001011150819585	0.0168929412538524	0.0219550377555074	0.000220804168668	1.09447299397868e-05	7.334914446858658e-05	0.0	0.0	0.0	0.0028854472828536	0.0141266042735755	0.0092927237577045	0.0288353991473508	0.0019364290272099	0.0	0.0047331648817088	0.030266844588956	0.0190334510951627	0.0002079556410529	0.0069391546984425	0.0086041641842844	1.3058631592006604e-05	0.0010790866859259	0.0226859200586241	2.229028019278757e-05	0.0128689532007163	0.0	0.0066157544126916	0.026045738276186	0.0003570237501063	0.0191718874156606	0.0030481187653304	0.0273979224621348	0.014500523347041	1.991566142999329e-05	0.0292020145535905	0.0361639140001303	0.0211406077208139	0.0107237574783528	0.0241636676700476	0.0003553322421437	8.36148064191352e-05	2.325150206936939e-05	0.020808653841142
0.0	7.462749258828415e-06	0.0001313610303791	0.0	0.0	0.0	1.2688574799389898e-05	0.0	0.0	0.0	0.000500608562439	0.0	0.0057581527549582	0.0	0.0	1.9312310368862156e-05	8.17308994456078e-05	0.0018139733325251	0.0006111170179114	0.0	0.0	0.0	5.258068462189387e-06	1.9829894181830928e-05	0.0040981882331228	0.0077003506910861	0.009856079914372	5.364040129013024e-06	0.0	0.0	0.0026734094937257	0.0	0.0	4.523666920430436e-06	0.0022084814009811	0.0011913888307468	0.0008917152677323	0.0001862163694153	0.0	0.0036816341065118	0.0086690828512357	0.002423613999159	6.978266173615157e-05	0.0029693772363721	0.0300870101097953	0.0055069682622503	0.0196652749504079	0.0054211461130987	0.0001286753442771	0.0001715051514023	0.0037532450317679	0.0	0.0239509320684467	0.0007228033103799	0.0032632676750831	0.0010270118169009	0.0046198460891711	0.0006717813049224	0.0043953979143187	0.0329129481372392	0.0274466973570931	0.0025132821658983	0.002475501727532	0.0051651511105643	0.0149847574987459	0.0002787293374219	0.0001008087016024	0.0148030724390149
1.1482482509202548e-05	0.0014810218447296	0.0070690240998885	1.304997170684997e-05	0.0	0.0	0.0001147053160215	4.965806699297234e-05	0.0	4.658967479633211e-06	0.0006719725492908	0.0	0.0034494242560613	1.316845454639468e-05	0.0	3.609203039161981e-05	0.0048694936359228	0.0018311633685514	0.0063344864911888	0.0	0.0001019630212587	8.221737020416409e-05	0.0004110708266102	7.855223547907724e-06	0.0033658990438887	0.0176207769837532	0.0185080378050062	7.237992305123251e-05	2.6585304185004098e-06	3.9196654942112935e-05	0.0012370507780186	0.0	0.0	0.0002694168280729	0.0155761645617754	0.0024597237159192	0.0136051088748555	0.0004370777982084	0.0	0.0044943161292319	0.0285214183810524	0.0155044532659768	0.0001675584991915	0.0071512583657379	0.0210781170763144	0.0036273635884737	0.0118905962800179	0.0217704606914202	0.0001184089177007	0.0023266929133638	0.0255069430912966	0.028036000398581	0.0	0.0016473518988713	0.0150768315856145	0.0005679796792595	0.0225553848749158	0.0047040988077899	0.0023717708815064	0.0369677500933962	0.0317361819320785	0.0154221234084086	0.0133113591842535	0.0225233866703781	0.0069977190137253	0.0001555730847201	0.0001736252337374	0.0281309760339935
3.900637951559703e-06	0.0	0.0	0.0058859263679207	0.0	0.0002205456357495	0.0025912395207661	1.7243453947458383e-05	0.011609509390671	0.0039832740459799	0.0	0.0042786021494967	0.0	5.16305651867045e-05	0.0001589966104681	0.0	0.0	0.0	0.0	0.0038332871525859	0.0	1.1416045732066324e-05	0.0	0.0109576108598921	9.071600054955751e-06	0.0	0.0	0.0054375200852835	0.0001566178180109	6.817055558874857e-05	0.0	0.0	0.0	0.0001495646000568	0.0156811783305804	0.0	0.0035837168656344	0.0329577564786405	0.0	0.017395770501704	0.0035544633627858	0.0192045004589898	0.0188438041278361	0.0288254461149052	0.008225399586217	0.0367754768739475	0.0010696101825361	0.0213355854621618	0.0061807955428242	5.4207371282350375e-05	0.0006689298873369	0.0006992576084166	0.0010320930827555	0.0	5.09079422570487e-05	8.11407649648756e-06	0.0017848283032352	0.0256380954856515	0.0	0.0053212678847057	0.0010606424695686	0.0281185255574549	0.0293321926012422	0.0001042933446114	0.0003416953591017	0.0006141366353101	0.0036945639187057	0.0205046247512119
0.0035250955157757	1.1039608438427222e-05	0.0002319094582465	0.0001587830652826	0.0	0.0013999766633732	0.0069541468013411	0.0031376454950571	0.0009006944019827	0.0012299922442403	3.9624267924470565e-05	1.0713519444712962e-05	0.0	0.0051438504287182	0.0	0.0197128335761231	0.0002631126665384	5.311097599291381e-06	0.0001190964432759	2.3283520591940145e-05	0.0195296650840854	0.0149015361127674	0.0128235497962864	0.0172207660137533	1.2067726661633972e-05	0.000321285728845	0.0041036904850629	0.0152020747312721	0.011418036860315	0.0161145215735451	0.0	0.000140410369779	0.0007780877051644	0.0033002524845429	0.0127636298345794	0.0013815763014333	0.0224479313776924	0.0001625473109594	0.0	0.0069049972193424	0.0294359153652739	0.0169078527045565	0.0020758124844187	0.007764794659997	0.0135139673793629	2.140768292686473e-05	0.0005036559810794	0.0199415883002549	0.0	0.0268510537307747	0.0221512530770293	0.006048906463403	0.0173189820460762	0.0002464537210643	0.0	0.0194784602517364	0.0405995405564414	0.0149437772863942	0.0038322695358262	0.0179288551880066	0.0249177457791067	0.0306679216414424	0.0127983924908916	0.0380508447059189	1.929642158419202e-05	8.381467623207234e-05	0.0021524120822731	0.0366804917009099
0.0011956189001892	0.0010415393392358	0.0034876983647041	2.0725517374204343e-05	0.0	0.0002702791109711	0.0038026174648643	0.0005762247471445	0.003713316981608	0.0004258868557403	4.331663477091951e-06	0.0	6.248225813326143e-05	0.0023367654834072	0.0	0.0129023657364349	0.0002088543655914	0.0	0.0001242538248932	1.1307009889579544e-05	0.0152022463555562	0.0142763606083884	0.0161531169060252	0.0118970876784739	8.30491023581563e-05	0.0004479235929558	0.0121198433507996	0.012817931024427	0.0060075263424278	0.0073787635275633	8.036956940464333e-06	8.181366716828172e-06	0.0001681066814757	0.0026420396604863	0.0073587063456711	0.0269927019637067	0.0038618053993363	0.0001167252211792	0.0	0.0002131443865294	0.0032984152570246	0.0063407608907062	0.0260214481238182	0.0004319121280584	0.0001705900651068	9.257311454926052e-05	0.0110429949040479	0.0112416493502674	0.0007579870503584	0.0248389480187092	0.0045926854144371	0.0008921405040629	0.0007919489834811	1.175614661971461e-05	0.0155259834869111	0.0	0.0156579217773312	0.0351626197652127	0.0216210025125715	0.0117887435702439	0.0293792459808352	0.0168500136906768	0.0123194586947515	0.01444283700544	0.0001454590388451	8.38571324928026e-06	0.0044069138994782	0.0042904917156965
0.0001469582827793	0.0019170184593383	0.0091912780984104	5.788157675510351e-05	0.0	9.055352366716226e-05	0.0052581874469687	0.0006812532145316	7.55478954735051e-05	0.0001569664583726	3.2324058020036825e-05	0.0	0.0	0.0001822472826573	0.0	0.028689827935622	0.0018523500306843	5.7607964423418765e-06	0.0001595858694102	2.302791667188229e-05	0.0204342546656958	0.0241559956367013	0.0333491549081867	0.0041693447236353	0.0	0.0024194408292173	0.0236736112284992	0.0065025944493011	0.0012703942299692	0.0072183427201697	0.0	0.0	9.657811271634188e-05	0.0020903671819146	0.0101783752314134	0.002702738931808	0.0375214824305532	0.0046138846029967	0.0	0.0082121210009808	0.0355597203562408	0.0195085152522601	0.0004688986037285	0.0169076014690196	0.0118589909655854	1.908405876828341e-05	0.0016478615696723	0.0205442749602597	0.0	0.0257302886472255	0.0294145890016002	0.0090704928651037	0.0235440837612737	0.001208085559179	0.036818997004414	0.0221347621689301	0.0	0.025428141702168	5.0094195654161714e-05	0.0327657118229542	0.0376430939140183	0.036726090260058	0.0133956266651974	0.0321644541935431	0.0005149182197453	0.0001434183366652	0.0009467704833644	0.0294270649324473
0.0048242769485198	0.0009002876022238	0.0078289598379309	0.0113770827741202	0.0	0.0058803233827302	0.0166181650154446	0.00511064068493	0.0206104883151176	0.0142981011053254	0.0	0.0081219179695088	2.39116855613784e-05	0.0056746289643314	0.000132220969995	0.0107067213294859	0.0004349785981873	3.178340561297869e-05	0.0001326064322535	0.0145247922621925	0.0166849795412251	0.0158283482174674	0.0080877935458818	0.0253975864900995	2.6160865925759056e-05	0.0011142641840224	0.0071621283964636	0.0263932335616395	0.0142670586733769	0.0128565396159557	0.0	4.8039572238601365e-05	0.007807397852299	0.0096207972690882	0.0183775324646907	0.0225475263751444	0.0248685034724974	0.0267562546784829	0.0003677139403916	0.0092535106411277	0.0212421205226574	0.0180040894527059	0.0348840450164842	0.0225761122624328	0.002753111113667	0.0131916125186188	0.0119605132505149	0.0203078716923481	0.01242196851632	0.0282684012510838	0.0166902260220556	0.0017299120652846	0.0087294038063484	0.0254402223938499	0.0176901811709118	0.035968420946908	0.0257539635376288	0.0	0.0196857773766731	0.019968177660498	0.0321790418884908	0.0337236961949116	0.029008727353408	0.0225612252088767	0.0002184229428347	0.0003541319836705	0.0159095109120254	0.0236377901639205
0.0	0.0001711061263329	0.0001272999144165	0.0	0.0	0.0	0.0	0.0	0.0	0.0	0.0008323620409994	0.0	0.0128960185849088	0.0	0.0	0.0	0.0	0.0031188012319317	0.0002794666864776	0.0	0.0	1.0448754482475576e-05	0.0	0.0	0.0080810116234941	0.0110000100117431	0.0125951002406948	0.0	0.0	0.0	0.0058732042347563	0.0	0.0	0.0	0.0004381692606932	0.0284886299463541	0.0	4.651992010604825e-05	0.0	0.0	0.0001144186996983	0.0001081160544193	0.0103977540410634	0.0	0.0034093726428981	0.0	0.0262698120576734	0.0006488089570188	0.0001241277692325	0.003236709493566	4.0621088988749335e-05	0.0059529293650267	0.0052852963587115	0.0	0.0015196385915733	0.0195929245109774	9.928671557897368e-05	0.0170741138341727	0.0	0.0199848417086811	0.0310202006400405	0.0028599612885005	0.0016718883574313	0.0017067375720392	0.0050702241723043	0.0	0.0003141272299784	0.0001736125486538
0.0001834634927082	0.0107386550596237	0.0238195111920282	2.066476446596493e-05	0.0	8.882838205174942e-05	0.0037307819822973	0.0001822239352125	0.0001401258857397	0.0003433093975579	0.0083652506394291	0.0	0.0183150426776388	0.0001894563250045	0.0	0.0010374697002129	0.0242777601130135	0.0144371760582118	0.0226779447513146	1.3468078341214838e-05	0.0008406967121924	0.0007159745122526	0.0099882131861974	0.001176952596504	0.0222576463702896	0.0331903147444732	0.0374296889661191	0.001925780047474	0.0001718597419225	0.0006636724911527	0.0117105284967066	0.0	0.0	0.0050134933228749	0.0159801169799583	0.0209689270732086	0.029835098563575	0.005982475512795	0.0	0.0126644276543174	0.0332687849220785	0.0245797845239452	0.0047288379801689	0.0152597698651627	0.0349955415214179	0.0051862308594935	0.0292595066784697	0.0267853572255033	0.0003839422151525	0.0134583743703901	0.0274414793293843	0.0352807746034725	0.0373233453866497	0.0030683816281178	0.0159522588391521	0.0122354628901637	0.0310284010850541	0.0173398924786303	0.0175850881359506	0.0	0.0384155922568449	0.0230092357604219	0.0147852517218558	0.0174376952864935	0.0241998036632794	0.0008091661381905	0.0001434959325275	0.0282814132429469
0.0002403258961875	0.0204969287463483	0.0304307869752985	0.0002425608573591	0.0	0.0001281313288885	0.0071444564778143	0.000207716092506	0.0001790737597029	0.0002840256121369	0.0061512529944312	6.214402541712044e-06	0.0223859666132664	0.0006414101652807	0.0	0.0149603788758822	0.0247963030479571	0.0118241419856132	0.0210751459509206	1.016174992453916e-05	0.0136455168462545	0.0201797487723914	0.031655694175343	0.0039747245544953	0.0187497919481972	0.0350040217306985	0.0393712672396562	0.0071664614443014	6.162732083011863e-05	0.0015486239005029	0.013961933524895	0.0	0.0	0.0093760430877455	0.0086044099202956	0.0346397083748045	0.0291903389067485	0.0030282668296152	0.0	0.0027962255735717	0.0208460120486709	0.0102223929833724	0.0162565805844971	0.0098378999619536	0.0255637058882399	0.0030225160224441	0.0347918418596096	0.0139420009475818	0.0004193382700509	0.0337270124443789	0.0354156665577878	0.0266846461778874	0.0321397514582742	0.0015496885052035	0.0220667324834089	0.0318656517928876	0.0363260388066399	0.0312632464466724	0.0277042782200032	0.038107275610982	0.0	0.0244483434906199	0.010738463231912	0.0137877702791753	0.011790102418194	0.0001183053199957	0.0016610601941029	0.0288483581381769
0.0045694713709943	7.262331167339406e-05	0.0021393848901846	0.0075950738632068	0.0	0.0035234837459931	0.0127903483706752	0.0030619922866159	0.017170063990423	0.0102439048745238	0.0	0.0049247530120126	0.0	0.006178329742568	7.217810691241359e-05	0.0093958298347494	7.311385614414432e-05	8.284421054603876e-06	2.9790771291530573e-05	0.0074392696573001	0.0110575858705091	0.0098769717708411	0.0048834956920677	0.0263031203053731	2.1721924844348105e-05	0.0019723950459964	0.0049074184012861	0.0231910049227135	0.0138382371154345	0.0125312692820246	0.0	5.692760470243532e-05	0.0024270974744864	0.0061198136578946	0.0270905736334115	0.0042996546815095	0.0305756475090296	0.0294236435289244	2.694840873903762e-06	0.0189811160026793	0.0381650724847077	0.0235402102486118	0.0232839615705385	0.0351962559534332	0.0051296182391429	0.0242137647917592	0.0017709168938161	0.0266534968234929	0.0053570247683883	0.0218308845078476	0.0245778167166127	0.0066722241869437	0.0196984943078044	0.0302212226936862	0.0316035740415313	0.0182163738949306	0.037459961533843	0.0353692218276671	0.0017180706222592	0.0246307111861306	0.024393191735796	0.0	0.0369836142695947	0.0355732757194061	4.498339543786361e-05	0.0009986337223185	0.023822650357168	0.0343899052719433
0.0020151362192747	0.0	4.729651392997791e-05	0.0012444924127348	0.0	0.0012042020452363	0.002787014908417	0.0005810728450646	0.007055870386254	0.002353800614528	0.0	7.856070147593613e-05	0.0	0.0011844648298531	7.702301512683991e-06	0.0066272098163597	3.450878014827239e-05	0.0	0.0	0.0004507943607981	0.0095004339288805	0.0060484831720237	0.0005158979273553	0.0157369916244417	1.0541797759248e-05	4.463396839744807e-05	0.0005096737604745	0.0139565446679854	0.0033719437490508	0.004887044409639	0.0	0.0	0.0002816108622029	0.0009285703661347	0.030394930135694	0.0035217440238573	0.0117461562855268	0.0267178653904054	2.20455296815004e-05	0.026289459819363	0.0321840795749001	0.0247583186788981	0.0147734964865247	0.0348390455669283	0.0152442481078155	0.0264910781339282	0.0025856923789012	0.0281086479128192	0.0093078006124943	0.0049549704651944	0.0124989520353792	0.0042354114763631	0.0136615320691605	0.0283639355608158	0.0129640782335802	0.0168411936041688	0.0129075923234016	0.0286398507044286	0.0012328576612082	0.0148111445148119	0.0120239494400478	0.0370554019712913	0.0	0.0265922103509979	0.0004065368646275	0.0097423475131083	0.0300421000143666	0.0320458558195001
0.0018086454012369	7.267303401869095e-06	0.0004527631885725	5.297744755302284e-05	0.0	0.0003394929005676	0.0030773697886952	0.0011184549659139	0.0027625107358715	0.0006860715722802	6.220933706909216e-06	0.0	3.054772956281657e-05	0.0017293227384922	0.0	0.0125575014752407	0.0014005433066357	0.0	5.11547969438367e-05	3.9013626152404985e-05	0.0187568744121624	0.0133630517034323	0.0078610332764209	0.0118177548340779	0.0	0.0001401081289311	0.000864455182646	0.0139964668227294	0.0056705219984258	0.0116482641937666	0.0	0.0001482898579427	0.0005667087358579	0.0024917277065213	0.029817167155548	0.0033033718864676	0.007040782123655	0.0002300919399225	0.0	0.0049797702702178	0.0374205537485364	0.02170933245385	0.012953393763006	0.0048709370195763	0.0121277574449141	0.0003123724508135	0.0009576573290014	0.0294819287062042	0.0	0.0136199687042558	0.0270253489470076	0.0088047859795138	0.0249735930152037	0.0001933940967758	0.0377058731224585	0.0191879798039024	0.0330291443278333	0.0231158254010421	0.0013736438666008	0.0185200066629668	0.0162904966903051	0.0349274766785588	0.0275736919579072	0.0	0.0003356045918181	0.0005318425786307	0.0105190055064793	0.029954152738844
0.0	0.0	8.674214649258428e-05	0.0	0.0	0.0	0.0	0.0	0.0	0.0	0.0001619626944952	0.0	0.003827023888699	0.0	0.0	0.0	1.3203933544754996e-05	0.0001425660733818	4.411719364406833e-05	0.0	0.0	6.6921633779444905e-06	0.0	0.0	0.0020036453960426	0.0006188868895788	0.0022825933162849	0.0	0.0	0.0	0.000526975614919	0.0	0.0	0.0	0.0001102692979215	6.100446568510874e-05	0.0005095114752022	2.471493309723578e-05	0.0	0.0007448143709156	0.0008949623715488	0.0003079652583897	3.215493608499567e-05	0.0007023991531726	0.0232952671006463	0.0004871338905166	0.0193797876803657	0.0005386221502626	0.0	3.390132725980351e-05	0.0001485090404951	0.0160318960904836	0.0070454406595668	0.0002262487480038	1.0780245844425475e-05	7.229859907806102e-05	0.0005292795830331	0.0001176092626241	0.0045282464205791	0.0217007930329014	0.0107439923246742	7.490279498701869e-05	0.0005599805333186	0.0001275634734788	0.0	8.089062563308246e-05	0.0	0.0054508262999788
0.0	0.0	0.0	0.0	0.0	0.0	8.366387085128605e-06	0.0	0.0	0.0	0.0	7.025778720737776e-06	0.0	0.0	0.0	5.0376626430338686e-05	0.0	0.0	0.0	0.0	7.088968414554088e-05	5.215203672477951e-05	0.0	5.3364006737741705e-05	0.0	0.0	0.0	0.0	0.0	0.0	0.0	0.0	0.0	0.0	0.0002651358098984	0.0	0.0005487921460461	1.2192008177092414e-05	0.0206501842109688	0.025450348265031	0.0029656276171223	0.0234469104066525	3.1236050730786654e-05	0.0110713791609051	0.0100089331559025	0.0058968960744808	0.0007127319950511	0.0164202383185251	0.0061639285592393	0.0	0.0004788481450862	0.0003165855142328	0.0006787133939712	0.0047247598988375	0.0003893455090445	1.873171777560305e-05	0.0003942831023407	0.0004882796335396	0.0	0.0020696510643555	7.356404723077969e-05	0.001413117453659	0.0125539469479708	0.000555343919077	0.0002273649792088	0.0	0.0	0.0265514962492111
2.394831807786339e-05	0.0	1.6603707597405837e-05	8.740830190124623e-05	0.0	0.0002093477958323	0.0007352320691137	0.0001180923299518	0.0016301795011826	0.0003787778583039	0.0	0.0	0.0	0.000286631913744	0.0	0.000435531737471	0.0	0.0	0.0	0.0001456751715653	0.0028208638518515	0.0019594425713901	2.8758580196062352e-05	0.0066608361064444	0.0	0.0	0.0	0.0056536018141964	0.0010357151713548	0.000769112977265	0.0	0.0	8.442744261754785e-05	0.0001501971686924	0.0014276762007393	0.0006546081909301	0.0009788951808304	0.0061496305241643	0.0	0.0012782510472999	0.0129845749255731	0.002051814143223	0.0073094279584168	0.0093424491304454	9.920033123943452e-05	0.0002882654398103	1.1897929387420476e-05	0.0005783456557986	0.0	0.0006746937790771	8.074410476242249e-05	6.466210368782693e-05	0.0001235294895233	0.0076005763050222	0.0035332342895984	0.0097748112733824	0.0010706899246994	0.0188196318796426	0.0003746844445164	0.0002861481517395	0.0013038142087332	0.0280935902289843	0.0290049821317118	0.0145330158973197	0.0	0.0	0.0	0.0137600798644651
8.502941933481058e-05	0.0006460811563199	0.0033021680435	0.0002334144787123	0.0	0.0001670983500557	0.0008479176677391	7.258765853153562e-05	0.0018085901452453	0.0004005795682419	0.0	6.388204470724172e-05	2.4186634917479796e-05	0.0002057733834589	0.0	0.0003781085021945	0.0003081518125231	0.0	2.5395039893453507e-05	0.0005917749060588	0.0013980549503543	0.0005718381339393	0.0004925041028039	0.0080117993859306	7.045521688237399e-05	0.000661687072807	0.004493667615704	0.0054560434010342	0.000892138370852	0.0005804140359407	6.092865053959538e-06	0.0	2.943990516471324e-05	0.0001201107500431	0.0188520976384336	0.0014979447162671	0.0167302076879678	0.0117761803038423	0.0167893536770069	0.0234988417902023	0.0244897811252546	0.0243403502087169	0.0063819444632898	0.0254658685061182	0.0324000160271887	0.0223459234726074	0.0172863351468994	0.0273009130105165	0.007532866563515	0.0078047296649657	0.0225423646685469	0.0193383936578407	0.0280002419402343	0.017017678527631	0.0322211836120215	0.0034107663716466	0.0279961695402029	0.0194807186047291	0.0002186179846175	0.0276800615816644	0.0302488998754404	0.0292710338686675	0.0284411220424279	0.0271972275390395	0.0054520627124719	0.0220109412791736	0.0107463663968275	0.0
