0.0	0.0	0.0052735168675136	0.0085362894408779	0.0	0.007135674663829	0.0298771075581564	0.0144062923675055	0.0123330688196468	0.0071755665312578	0.0047194145832187	0.0003889071401547	0.0004774473296935	0.02881278375067	5.940317613311789e-05	0.0004067311138862	0.0124457152891493	0.0054874262620795	0.0134921654850064	0.0033341740198286	0.0100401616497416	0.0008681642719016	0.0135340624386194	0.0209913941328216	1.3701175136858124e-05	0.0114787415677428	0.0090528978692797	0.0239805120091471	0.0313483606188552	0.0292695984936112	3.344228685541761e-05	0.000462940954999	0.006623168207697	0.0190262192432885	0.0006023938541252	0.0	0.0	5.149560460814643e-05	0.0	0.0001228305376209	0.0009703391689156	0.0008176519814452	0.0013387244500923	0.00011448173882	2.767866030252701e-05	0.0	0.0	0.0002245249556528	0.0	2.167461773725609e-05	0.0	0.0	0.0	1.6588254598760434e-05	9.724783695706844e-05	5.756550038625257e-05	0.0	0.0079433271963278	0.0	9.1023251913451e-06	2.993041549565432e-05	0.0049191843743345	0.0006936591473908	0.0004010192562329	0.0	0.0	1.2039237746965169e-05	0.0001353269569063
0.0	0.0	0.0103732955438354	0.0	0.0	0.0002183681310049	0.0001464629478126	0.000160727959501	0.0230755865627728	0.0001312440392054	0.0021659762808848	0.0	0.0193933344358266	3.7023734392734506e-05	0.0013055900031791	0.0039220984273874	0.002866333667451	0.0030867033177189	0.0013852926379764	0.0	0.0008879929066937	0.0289176081821955	0.009828010047803	0.0262467181837316	0.025693650265202	0.00596570455481	0.0292511511668119	0.0011458990561819	0.0002130159687019	0.0008252024658701	0.0011663327277461	0.0	0.0	0.0002703766877541	5.423680847643104e-05	0.0081238610223425	0.007962218472373	0.0	0.0	0.0	0.0002726583700429	3.260203387632435e-05	0.0	0.0	0.0003184264675505	0.0	0.0013615102039748	0.0	0.0	0.0001033544662657	0.0015694700867504	0.0003917366952695	0.0016635149480479	0.0	9.43196571962619e-05	0.0008736949621644	0.0029483162148564	4.213131816125879e-05	0.0018277601101217	0.0094394812683615	0.0201457405988078	8.014098367769117e-05	0.0	0.0001578882377207	0.0001070605370403	0.0	0.0	0.0002412899868534
0.0042897059396433	0.0092356938186996	0.0	0.0006540777747752	0.0	0.0123356114990705	0.0229031035333974	0.0218911365423262	0.0004810730284009	0.0102372952255293	0.0056218806278511	0.0021364022682141	0.0024010464636035	0.0157604278919719	1.9435031223934875e-05	0.0039461572887606	0.0303721995342028	0.0159811149125241	0.0192240871982408	0.0002663652224215	0.027286079495482	0.0071567144964334	0.0330347214432026	0.0171879886940693	0.000158031769485	0.0346340390372391	0.0338746112718995	0.0258406339611939	0.0098452799287175	0.0119246055199072	0.0002276013816046	0.0010568050458336	0.0015472466830152	0.0149554507096227	3.484297870204765e-05	0.0098096095948433	0.0188532844804323	7.060171288300019e-06	0.0	0.0	0.0001963139690686	6.435900866852977e-05	9.639556676334057e-05	0.0	1.5304695396452567e-05	0.0	0.0002014019922327	0.0001156493423272	0.0	0.0004934727253017	0.005155418415973	1.610028928525457e-05	0.0001030517543791	9.93825846519034e-06	0.0003155488775389	0.0007796299795907	0.0139536084430969	0.0017550453130185	0.0023960026522682	0.0061378222920155	0.0266245717719603	0.0011501958648148	7.966552214128586e-05	0.0001110485665991	5.917197143035813e-06	0.0	5.1193148621556425e-06	0.0006730040527991
0.0071337993764927	0.0	0.000786592341236	0.0	0.0	0.025021318804469	0.0155189922057327	0.0145343261755891	0.0229050734807695	0.0322658163138116	0.0052835396244761	0.0253535676922254	0.0003164347317218	0.0195252435793631	0.0020822450526401	4.698325249915451e-06	5.1935704515879246e-05	0.0003009988998836	0.000825643525836	0.0317638368752801	0.0005664865988098	1.480045248667051e-05	0.0013189733026761	0.0298023316806014	0.0	0.0017109627009764	0.0002434664472079	0.0318955009347353	0.0258017752465483	0.0007215315852835	0.0001984824928024	0.0035367646153662	0.0104241547090852	0.0173507270921572	0.0008313404832883	0.0	0.0	0.0060324962019247	0.0	0.002027320315833	0.0014328088276307	0.0031581880940745	0.0151333054835909	0.0020622835364819	2.1148794703539443e-06	0.0072638083000584	5.83649107421386e-06	0.0004136591101688	1.2919109608040923e-05	3.71272655084688e-05	0.0	6.184605995350465e-06	0.0	0.0042679383409538	5.386409586988174e-06	0.0	1.7270121532912995e-05	0.0127962057914125	0.0	1.1276359076444934e-05	0.0	0.0088051695553912	0.0003864006285699	3.710491156729726e-05	0.0	0.0	0.0	0.0001288359454454
0.0	0.0	0.0	0.0	0.0	0.0188002786894754	0.0002258312412904	0.004633529122607	0.0084696730731238	2.6809395176046187e-05	0.0	0.0072868222442653	0.0	0.0	0.0313238946507522	0.0	0.0	0.0	0.0	0.0	0.0	0.0	0.0	0.0004289660605904	0.0	0.0	0.0003363573779165	0.0002021939254705	0.0019075202774786	0.0	0.0	0.0248146197848324	0.0	0.0228194683970741	0.0	0.0	0.0	0.0	0.0	0.0	0.0	0.0	2.0397427919346653e-05	0.0	0.0	0.0	0.0	0.0	0.0	0.0	0.0	0.0	0.0	0.0	0.0	0.0	0.0	0.0	0.0	0.0	0.0	0.0	0.0	0.0	0.0	0.0	0.0	0.0
0.0058619037666962	0.0001192522333408	0.0150685572445139	0.0258145265599642	0.0188060905737878	0.0	0.0313295408012177	0.0348657835906071	0.0192056258748949	0.0351244679363649	0.0173094226575681	0.0285882829126455	0.0055272190714962	0.0248548990842764	0.0219622219408276	0.0014706190943397	0.0053801396980252	0.0062801480657361	0.0057844016879691	0.02544587988851	0.0148576270347333	0.0015730653854175	0.0212163248899531	0.0301720253620828	4.051679739215505e-05	0.0120949541257748	0.0075589309713847	0.0343111695500301	0.0262166885274511	0.0158106941933807	0.0016319465389122	0.0277382698956882	0.0091326541489067	0.0255845359686954	0.0002576908497528	0.0	0.0	0.0047261083076582	0.0	0.0023470757564128	0.0029072325341359	0.0049460815211543	0.0104514608360794	0.0035728211704134	0.0002673005580709	0.0015236599346662	6.272037881001995e-06	0.0017049721926245	0.0	0.0003303589284845	0.0	1.8033505649354742e-05	0.0	0.0018217251698314	0.0002575546424811	0.0012247899826319	1.6564280813307343e-05	0.0195883105750781	0.0	2.173764881764387e-05	6.808799963941401e-05	0.0137278843386883	0.0030994908785574	0.0012467893598552	0.0	2.2931551214195237e-05	2.0837020119258104e-05	0.0001180278857337
0.0321508671089321	0.0001858263267023	0.0251547991978817	0.0163486890697461	3.328647022991208e-05	0.0309565073744832	0.0	0.0377484706639796	0.0195706241481037	0.0332857481174671	0.0087567968373941	0.0030431123884402	0.0015028060640515	0.0379105784850047	0.0016760275067018	0.0032868788216153	0.0189668443274786	0.008497203860056	0.0166447806941939	0.0121604471446976	0.0283865674227992	0.0018282958638392	0.0333927095296386	0.0286739913819362	0.0001129054297967	0.0212007881399371	0.0148969683974537	0.0381109014747579	0.0323962461761235	0.032608613681373	0.0002188292819131	0.0073121674789127	0.0192989730232906	0.0237810911113902	0.0003255317545657	1.3259329544782757e-05	3.635939353829371e-05	0.0048781738167874	0.0	0.0018271225350587	0.0019571378943543	0.0027817182338894	0.0057079210046967	0.000634522653244	4.079401638596432e-05	0.000160763156124	1.154986055349653e-05	0.0007330022147751	0.0	0.0005100196121555	0.0	4.62448123046696e-06	0.0	0.00097582593572	0.0010753625656007	0.0016991152270329	0.0001170642509388	0.0121219677677891	2.9489612558620777e-06	2.735578603734267e-05	0.0004220535402562	0.0092341034737433	0.0010223555768443	0.0012340515875478	0.0	0.0	2.388705644911381e-05	0.0004050173788877
0.0115851015672645	3.210635902370446e-05	0.0207928287488137	0.014905039595734	0.0010925361861562	0.0331706022291969	0.0362665388175988	0.0	0.0134741838077623	0.0289023707675945	0.0151011263606658	0.0266569749145978	0.004322359413903	0.0338020941736919	0.0135325322220006	0.0012779880909448	0.0178421859656752	0.0095638676497241	0.019561057583572	0.0216600145156904	0.0245005320197043	0.0010933034353194	0.029775596151914	0.0247157346128829	2.034796312200073e-05	0.0193713152163918	0.0141947776680603	0.0288348118465835	0.0237561915849636	0.0288634138530502	0.0011606821225677	0.0209500280759023	0.0060783330587756	0.0229015889839086	6.685027149604639e-05	5.381483743057564e-06	4.441267921155186e-05	0.0007441148993289	0.0	0.0003620973807542	0.0006812449502098	0.0007384888575596	0.0042133416034227	0.000426531913594	4.934719000222499e-06	0.0002078806062649	0.0	0.0002278868341603	0.0	7.672514288627275e-05	0.0	0.0	0.0	0.0004784514947173	0.000761930632957	9.652307544050668e-05	2.0120391656079026e-05	0.0082647799823251	4.747601760475956e-06	1.607421364132623e-05	0.0001550637446494	0.0063953694305828	0.0005270461675457	0.0002647351962364	0.0	0.0	4.770695083277578e-06	7.211770212327193e-05
0.0096092058569657	0.0228077362253715	0.0003896405929388	0.0178805427874086	0.0091314751643575	0.017184107427494	0.0164991802058119	0.0125616083853769	0.0	0.0155430768271088	0.0031374670347474	0.0222479073048424	0.0050675036611732	0.0112892003346765	0.0269124734916524	0.00180457169861	0.0002835613956796	0.0006061107814946	0.000558578687066	0.0132612420782492	0.0005770202576631	0.0284073906919441	0.002289252849238	0.0326736227385771	0.0157821960755376	0.0012542860952456	0.0252763293563933	0.0229182317761055	0.0163757190520648	0.0158538939024415	2.115284977789768e-05	0.0008684816458245	0.0058438332767844	0.0114768112270137	0.0024732623053929	3.0787394340130145e-05	6.3309872302527255e-06	0.0087305603153796	0.0	0.0032966542907108	0.0063573093320227	0.0067550768863592	0.0149241152501685	0.0044414205271385	0.0001675261569112	0.0040493245432219	0.0121217554358756	0.0031327327345372	2.0187505434246707e-05	0.0048514948133666	1.3797549258639214e-05	1.7206717110777505e-05	0.0002502790834678	0.0040263615514907	0.0037898980868426	0.0021262885920862	0.0021225342779284	0.0197528223358218	0.0018382163347378	5.032310336141445e-05	0.0012316579919491	0.0180587247625399	0.0051926796991415	0.0052298112939921	7.018071270607702e-06	2.9474973788945407e-05	0.0004077491702591	0.0015331845472391
0.0093330400015524	9.859906325607544e-05	0.0126053966769758	0.0326957932974008	3.089867260762496e-06	0.0376210667893093	0.0331788734200387	0.029951137645005	0.0181241802410178	0.0	0.0152854955814154	0.0352445802629522	0.003408704691941	0.0300022506311247	0.0092502857444316	0.00160575002403	0.0019865918493986	0.0032053987504943	0.0033542517540261	0.0356675819022045	0.0074416583231088	0.0013005326320101	0.0165571431345375	0.0279210040936796	1.3389430265494805e-05	0.0095040278910003	0.0071893844936998	0.04040014380225	0.034702162131145	0.0114337506418659	0.0008319933569657	0.0086576060792875	0.0111510166880742	0.0266523973165416	0.0001777452706864	0.0	1.2890809235748327e-05	0.0034060898086161	0.0	0.0014338494951461	0.0014028912006615	0.001918301193012	0.0085380570450981	0.0009581667307294	2.6284911403613717e-05	0.0009251633008254	0.0	0.0003102406583691	0.0	0.0006552360702249	0.0	0.0	0.0	0.0018882315137226	0.0002643773457696	0.0001588711982026	1.0968599751444989e-05	0.0120355749086722	0.0	0.0	0.0002559907762979	0.0081719734917095	0.0004549259202811	0.0003966957429802	0.0	5.053372627349666e-06	0.0	6.135931565737903e-05
0.0051712134348338	0.0035990798883719	0.0065995202291853	0.0061783522434713	0.0	0.0231664890281624	0.010765288642217	0.0192127546897257	0.0039597501025805	0.0160517114856968	0.0	0.0226934002496074	0.033394827331384	0.026929638912221	0.0132655829982054	0.0002439866697329	0.0098120294726259	0.0297858221709352	0.0225310054085382	0.0169453757504336	0.0067613126831872	0.0005259371413453	0.013421890781054	0.0126846794982247	0.020263828163957	0.0339008656506951	0.0172766482708908	0.0139452725975964	0.0228369644906631	0.0100293178522887	0.0202509290417488	0.0126254355813536	0.0010830655137869	0.0354341038247798	0.0	4.044450327894221e-05	0.0	2.8089971989212924e-05	0.0	1.3209101085883725e-05	2.8474419480839887e-05	5.259216652090207e-05	0.0002849643231975	1.0709105890792108e-05	0.004977375154191	0.0002402232342662	0.0163101200607648	0.0	0.0	6.854575105749077e-06	0.0	0.002615325262626	3.457730520064974e-05	4.500657013044199e-05	4.853321564109708e-06	0.0	0.0	0.0006372106095885	0.0029016343014209	0.0066727613406071	0.0075100004001435	0.0044158122953348	0.0	0.0	0.0030067517793816	0.0	0.0	0.0
0.0014276235558806	0.0	0.006175884366249	0.0276943847739479	0.0058050588810128	0.0292179387150141	0.004765141426595	0.0259378494573141	0.0272792184615228	0.0353689592572366	0.0201861077455469	0.0	0.0052924410652001	0.0257505989818319	0.0283463361093886	0.000226211357562	0.0004448739215892	0.0103137766928152	0.0074694703377159	0.0384902056863901	0.0005109379112304	0.0003420134267682	0.0062276751578899	0.0229071055700153	0.0	0.0146485954316282	0.0062512722141832	0.0304803662933482	0.0318328358634158	0.0011883787428173	0.0029904889521257	0.0138205781055872	0.0033744199641149	0.0280913922145176	0.0004271695774044	0.0	9.576327683618127e-06	0.0037315377153865	0.0	0.0025036363691533	0.0024755638794322	0.0032389641044349	0.0134413835062977	0.003942235814025	5.5255354919981966e-05	0.0008186295586765	0.0	8.929447868986484e-05	0.0	1.5465585939664567e-05	0.0	0.0013131221595688	0.0	0.0044142686863931	8.088870088635053e-06	0.0	0.0	0.011820909630458	0.0	1.4440871205071586e-05	0.0002132135758003	0.0102499940688619	0.000157623990053	2.9497064582401688e-05	0.0	0.0	0.0	0.0024547517431124
0.0003475029971556	0.0227250627789461	0.0016516381744957	0.00070274245175	0.0	0.0111077439090339	0.0030577327557278	0.0083542698702331	0.0067070236264444	0.0033120622400777	0.0323356981911835	0.0068291784400396	0.0	0.0124502149233069	0.0018835953103321	0.0016351842177049	0.0026698763277084	0.0146411785642779	0.0119897854895555	0.0034913681800315	0.0027329925041565	0.0122169211192653	0.005827226949503	0.0080566007209473	0.0330112927188971	0.0269821249911832	0.0246270649841317	0.0052225313518463	0.0089001131133302	0.0005838664549791	0.0266634644495184	0.0063980044919085	2.117982874719529e-05	0.0227222209613689	1.614446023025991e-05	0.0042702382953171	2.218033486252602e-05	4.1958305256529085e-06	0.0	3.235221545735675e-05	6.395822911943767e-05	8.83541683452394e-05	5.495031849822216e-05	4.89627972941509e-05	0.0202248235246029	0.0012738587556613	0.0308982609513282	0.0002791320229165	0.0	0.0	1.7698215033285783e-05	0.0155872422790022	0.0016144810174066	0.0001385661854446	0.0	0.0005043382811981	0.0	0.0009888752083206	0.0137211068429491	0.0211962584271697	0.0205225558103507	0.0003618371904294	3.780826889030225e-05	0.0	0.0139104446570933	0.0	0.0	0.0010976798902529
0.0283223066276918	1.771219661979626e-05	0.015832230777033	0.0220607513363598	0.0	0.0246185479377885	0.0365277291131138	0.0337277344728707	0.0151106538586498	0.0288223892665712	0.0260645356896256	0.025611244649963	0.00893979985114	0.0	0.0133461781662516	0.0009259703842196	0.0175655080231423	0.014699765943225	0.0201934159872648	0.0261576588460429	0.0178992221103967	0.001002482790179	0.0247425690818716	0.0245324190517493	0.000133901219734	0.0212779771392087	0.0157322474763908	0.0284728640777272	0.034061251668997	0.0305725897292679	0.0058910810771716	0.0216363046963914	0.0016065483028536	0.0297349415617161	0.0007821093017797	0.0009071231160462	4.869385518158986e-06	0.0005382777607704	0.0	0.000214317333369	0.0009149444426009	0.0007795421307165	0.0037016055191479	0.0001381736816847	2.3305583186303145e-05	7.990169741593663e-05	0.0	0.0003688175910654	0.0	6.926848875651044e-05	0.0	1.1734105708389556e-05	5.509825021260509e-05	0.0001425185480501	0.0002113147719643	0.0002126249111875	1.4670231954028462e-05	0.0085255107748984	0.0	3.372302674816343e-05	0.0006061363525116	0.0066094774118517	0.0009447116054674	0.0007589202032106	0.0	0.0	0.0	0.0003731069876564
0.0001520984778771	0.0029172819937434	2.1287082358220742e-05	0.003141875966848	0.0324441341590368	0.0218274517009337	0.0034442233451792	0.0137949134192201	0.0303879717387102	0.0061001231773529	0.0083966589375701	0.0302882618169491	0.0014110548864214	0.0126847374963841	0.0	6.964166560599697e-05	5.633942089434228e-06	0.0057158909367044	0.0009248887744345	0.0104058652272318	3.930853493804444e-05	0.0044266711370709	0.0001507612937322	0.0146888884765051	0.0004492511560661	0.0040863553384798	0.0040499659379219	0.0067033794264193	0.0141103016111626	3.376225139292537e-05	0.0005779046358213	0.0117450189336047	0.0002306732304452	0.0128051615402106	6.8705811224708485e-06	0.0	0.0	9.615446686625514e-06	0.0	4.809687282805467e-06	5.782438291238094e-05	7.925458521783003e-06	0.000559775483191	0.0001234758224431	0.0	0.0	0.0	0.0	0.0	7.119721731024984e-05	0.0	0.0	0.0	0.0	0.0001503683778689	6.294506789480976e-05	0.000334650327535	0.000104614412713	0.0	0.0	0.0	0.0010350231464648	2.0742265328322548e-05	0.0	0.0	0.0	0.0	0.0
0.0002352829912877	0.003438878426828	0.0045945737618472	1.3004761232942535e-05	0.0	0.0022727150638015	0.0048646212248697	0.0023912481018841	0.0031389600419683	0.0022197450162294	0.0004975640076992	0.0001362764767583	0.0017473395290529	0.0007749268982767	1.3179517408074973e-05	0.0	0.0018896570791431	0.0002443405572468	0.0034930676871069	2.7945589231027117e-05	0.0322254718130217	0.0288376114396807	0.0353642192664997	0.0244433084236163	0.0029154068302083	0.0011761245160303	0.0329789398959247	0.0204153392942697	0.0028294151903811	0.0231671321458438	0.0	4.528397347683821e-06	0.0003026084081299	0.0144200760576777	0.0004290635821738	5.88759635197692e-06	9.158993386550628e-06	0.0001453074336188	0.0	0.0001221735054936	0.0012935707694635	0.0023886176387331	0.0005490471808455	0.00015556548559	0.0	0.0	0.0	0.0012623479000818	0.0	0.0206232362683528	0.0	0.0	0.0	0.0	0.0158835151017105	0.0187374903888874	0.0174491587044318	0.0085443792994556	0.0	0.0	0.010225051110733	0.0165937389721664	0.0005845342942084	0.0098913738587371	0.0	0.0	0.0	0.0013886482790868
0.0092771555798323	0.0020097688094994	0.0296318161346194	7.338611531141073e-05	0.0	0.0045108515258127	0.0151825662195829	0.0183805062464527	0.0002060085893935	0.001244523416946	0.0100836041343414	0.0001594103885194	0.0044658322112536	0.0170117770265773	2.175474589628361e-05	0.0012548653343642	0.0	0.0160031981779249	0.0278529436587358	7.697230882046635e-05	0.0166213638630407	0.0006067318905999	0.0269809935706814	0.0043840850826652	9.426248945634804e-05	0.0277276177018554	0.0386540417783469	0.0137472943428771	0.0105254446963789	0.015916378024312	0.0002564379527635	0.0005231521264322	0.0002754553724539	0.0143717039876896	8.536558919589883e-06	0.0015183414811257	0.0016873542260878	0.0	0.0	0.0	0.0	0.0	7.893565318952199e-06	0.0	0.0	0.0	3.418793306275783e-05	2.3906772877753525e-06	0.0	0.0	0.0005770631100406	0.0	0.0001360654595326	0.0	1.5344603382677533e-05	0.0001222136059844	0.0003415788107059	2.120476012143957e-05	7.771944996464739e-05	0.0046283686607671	0.0141434408118875	4.642203356269471e-05	0.0	6.927195694477426e-06	7.98484129183726e-06	0.0	0.0	7.359457081938388e-05
0.0022981431553096	0.0006444435887034	0.0106058369573612	0.0002549799277803	0.0	0.0068269808935728	0.0054344075941841	0.0080561625913572	0.0001225444756999	0.0030224597028814	0.029147141443222	0.0093324486712585	0.0191381260774039	0.0128692818774865	0.0029346349664986	2.6533421781619124e-05	0.0125082048725428	0.0	0.0213318462286289	0.001228828192736	0.005032259766628	0.0001738512921747	0.0117132830338045	0.0009635951583038	0.0072498874932665	0.026259611350365	0.0257866149880157	0.0036790335978147	0.0114001573496389	0.0036620867721651	0.0066210376450452	0.0020906997417335	0.0001667468608527	0.0133404589589487	0.0	1.453224427900516e-05	6.537891274262134e-06	7.588204872123338e-06	0.0	0.0	3.3597786027831888e-06	0.0	1.4804163940935128e-05	1.164125416819259e-05	0.0011397639156597	0.0	0.0053273322474029	1.7562280520736277e-05	0.0	0.0	6.413790349279722e-06	0.004442115640337	0.000199247124389	1.0532536361353418e-05	7.820136782643574e-06	0.0	7.820136782643574e-06	0.0001561486545993	0.0005766472534038	0.006552624675956	0.0077939237552929	3.18387002958269e-05	2.5602141204024834e-06	3.3464044478270984e-06	0.0013477394316009	0.0	0.0	5.030103971660972e-05
0.0118440638388075	0.0012608932954651	0.0192416779656541	0.0005096885406633	0.0	0.006988563387243	0.0155532159424636	0.0200756842445868	0.0004995439229089	0.0036485802753641	0.0221003660887722	0.0090989456442	0.0159700871529099	0.0190957050784914	0.0025274093988691	0.001751041941979	0.0270217977280747	0.0205069373760576	0.0	0.0019674243689123	0.0140380695222027	0.0017021175336462	0.0221311060794709	0.0033230535312835	0.0111138755462677	0.0333829393004925	0.0371205969599021	0.0113040949042389	0.0130825510752002	0.0142265671372161	0.0053259289886343	0.001692596837531	0.0002294303889604	0.0237209747138942	0.0	0.0009855763111254	9.976791475622396e-05	0.0	0.0	9.942106971576275e-05	9.583644901097888e-05	0.0	0.0	5.5255354919981966e-05	0.0002673211742564	5.977300730190314e-06	0.0009908108912416	1.5218764596194432e-05	0.0	0.0	0.0001000392943575	0.0027139272211505	0.0009951567269365	4.6354095054758764e-06	0.0	4.318195084509053e-05	2.298428105747343e-05	7.616504910326518e-05	0.0022914739365779	0.0095298049591942	0.0144558802351314	5.119838383017212e-05	1.0172261933005056e-05	0.0	0.000789660598266	0.0	0.0	0.0002160197833012
0.002741799246777	0.0	0.0006257711643498	0.0321641168949516	0.0	0.0211355611285613	0.0107185872238131	0.0179209939951222	0.015797754572351	0.0315632918098138	0.0101824915706702	0.0327465073058618	0.0008238506596449	0.0211879743822423	0.0074710106287829	1.779268116499281e-05	1.1869137312779917e-05	0.0009782719560913	0.0010334481280947	0.0	4.263581525457166e-05	0.0	0.0004598658024897	0.0196824048844105	2.355274021004478e-06	0.0040488701269169	0.0016910304693737	0.0268839198491305	0.0267729877552281	0.0004336839868455	0.0002552462860864	0.0032401895924623	0.0064251608521501	0.0179286767508398	4.600842275102043e-05	0.0	0.0	0.0023415120362766	0.0	0.0012055950565024	0.0004679512303243	0.0007089791548821	0.0082314797314068	0.0003595490121806	9.438096751183391e-06	0.0003196352568356	0.0	4.458870186284816e-05	0.0	0.0	0.0	0.0	0.0	0.0012938061255801	0.0	0.0	1.2964389920620524e-05	0.006509628399271	0.0	0.0	0.0	0.0032691606586972	0.0001002247563369	0.0	0.0	0.0	0.0	8.163658628032865e-06
0.0102271643606144	0.0012161837072293	0.0297954330015203	0.0003062760214349	0.0	0.0154633709761372	0.0283938766295386	0.0281455758775041	0.0013023561831335	0.006426559982534	0.008792814490795	0.0002972277204274	0.0019660776495546	0.0212435222619929	9.720984904937329e-05	0.0322329045909535	0.0203079049445994	0.0102094604076112	0.0188030488526498	0.0001240619914087	0.0	0.0186132848177999	0.0433056850174959	0.016576622378676	0.0018336748834073	0.0240609110535619	0.0218568961936774	0.0314743831409202	0.0124146429609084	0.0382902808332184	8.440161548986251e-05	0.0023054297805888	0.0010124970053119	0.0334238065746026	0.0020993339096677	0.0	0.0003827074259327	0.0001384687901264	0.0	1.129239961607278e-05	0.0016268080483918	0.0013776523568292	0.0003616035511604	0.0	3.387329313866817e-05	0.0	2.295572177976328e-05	0.0022274917985617	0.0	0.0166048098780183	2.224823845918972e-05	0.0	3.924409657230919e-06	0.0	0.0157569669277791	0.0169165290286952	0.0044282619814926	0.0082747735061814	0.0	2.223729313847607e-05	0.0027439848835046	0.01506278048431	0.0007996704054897	0.0120543396833198	0.0	0.0	0.0	0.0003251748006357
0.0003681521896424	0.0294647891649493	0.0083782802906086	0.0001634967263126	0.0	0.0036628097763125	0.0021641462860872	0.0012942273090648	0.0274908108418857	0.0023174200202764	0.0002622719580767	4.924618845373786e-05	0.00761803397245	0.0008511326989382	0.0037880319642714	0.025893048613204	0.0008908410681632	0.0003363352204365	0.0008729503397483	0.0	0.0138122918456832	0.0	0.02565396675971	0.0348817092883117	0.0183449895660412	0.0036902113712562	0.0320989281977204	0.0160072655943048	0.0037492108916499	0.0118919678133516	4.994794959369838e-05	5.68569839785202e-05	0.0003870739037784	0.0035066153567943	9.807721780648216e-05	7.701759002470265e-05	0.0025258913509808	1.558849140156678e-05	0.0	1.2890809235748327e-05	0.0004783760764119	0.0005306908406848	0.0023761596718247	0.0	9.711856712392352e-05	0.0	0.0001087486125032	0.0004197021640072	0.0	0.012539265950723	7.737873649986865e-06	0.0	0.0	0.0	0.0118293427444333	0.0144852674098619	0.0142385983387591	0.0099087389393623	3.817496262445032e-05	7.226950586421534e-05	0.0134689746486729	0.0170719408914761	0.0007307202372442	0.0046099728367212	1.7606353074944004e-05	0.0	6.83889556506539e-05	0.0001569321162139
0.0109744360950846	0.0051119884625573	0.0347881453744667	0.0017537828142352	0.0	0.0218711656904954	0.0319600876531837	0.0305562526838419	0.0036649260543974	0.0169605712233355	0.0123161434342387	0.0032425674797137	0.0050149931369911	0.0232541366210517	0.0001978702889398	0.03307975422133	0.0273060472508378	0.0166134856999038	0.0248140459212439	0.0044261794322191	0.0413439011535618	0.0222480238440913	0.0	0.0292204386603058	0.0003437753266852	0.0294041606769191	0.0401033301540935	0.0378367652136725	0.0156419019931724	0.0266700076284998	0.0004824192103812	0.003357520701865	0.0036094173008952	0.0267820636821509	8.43873537959176e-05	0.0013180023304505	0.0059748943432408	0.0001223197383281	0.0	9.980537939784776e-05	0.0004037744441575	0.000229386253077	0.0018690507498401	2.769253140119645e-05	0.0	4.845329267506417e-06	2.204016453110554e-05	0.000280880679938	0.0	0.01851658135176	6.380288627909174e-05	0.0	2.283433983611631e-05	4.895545780921535e-05	0.0026977327888251	0.0159779668032926	0.0152631036967755	0.0043174500079632	0.0002529724109455	8.491659546002935e-05	0.0225814069426231	0.0038493969983535	0.0001147564224524	0.002708599744362	0.0	0.0	1.341890384104596e-05	0.0001316903847261
0.0193565649987115	0.0261004363747996	0.0204525047464267	0.0288478986756939	0.0002942238442098	0.0269086609461159	0.0260230399626288	0.0225641149250773	0.0358226615426666	0.0253219810082483	0.0081935436497334	0.0196505411317616	0.0071096761062969	0.021778964972213	0.0099368215118915	0.0266392591921832	0.0064457444757192	0.0025188297210002	0.0020279903793332	0.0167716188266195	0.0143212019182621	0.0340601932659393	0.0290963029564603	0.0	0.0166624439098785	0.0105584932631218	0.0329191203661998	0.0339417498086711	0.0288026978191663	0.0283969599431642	0.0001535312358673	0.004512701519081	0.02050041067479	0.0274826927426697	0.0088364503551957	0.0	0.0005116445167926	0.0132963950611965	0.0	0.011697836470613	0.0164260704487101	0.0164451820105898	0.0208137616949594	0.0065968690448099	0.0005960088219241	0.0043468316826283	1.848200481201794e-05	0.009033481407833	4.801837935083119e-06	0.0116096300055501	4.869385518158986e-06	0.0001531928496882	3.1020885720914605e-05	0.0122884629342608	0.0169511564643336	0.011832486962871	0.0046049780973533	0.0266242701957001	0.0	0.0002444847818548	0.00126432509809	0.028811201154005	0.0129626749899144	0.0130371152862832	0.0001064550904312	8.02247905652749e-05	0.0012009689980182	0.0076589023708401
1.0689652463388174e-05	0.0267250604389526	0.0001658863006031	0.0	0.0	4.706084958274847e-05	0.0003803721518973	6.125331771442549e-05	0.0159934064539674	1.5969214855452615e-05	0.018675885242294	0.0	0.0320356369388026	0.0001220788414821	0.0003782136207607	0.0026423256845305	0.0001955487059891	0.0080977586259232	0.0155848877919106	2.488228680962057e-05	0.0009975708316017	0.0202265207019583	0.0003746489867552	0.0170793574788176	0.0	0.0175536289963743	0.0233533987802128	0.0020347616572087	4.044450327894221e-05	0.0002483255293967	0.0130805874716738	0.0	0.0	0.003596988347647	0.0	0.0083126628499118	4.270612064608751e-05	0.0	0.0	0.0	0.0	0.0	0.0	0.0	0.009782025659393	0.0	0.0136344366191993	3.572898291905231e-05	0.0	0.0	4.6310363795261726e-05	0.0031601520742779	0.0011907766757365	0.0	0.0	0.0012543656264054	0.0	6.807923946926944e-05	0.0038490767153961	0.0096495880311015	0.0146345006371243	0.0	0.0	0.0	0.0048382285228252	0.0	0.0	8.128220507599469e-05
0.0091794237163636	0.0057363725941863	0.0369886782848971	0.0018187405394802	0.0	0.0159462746303711	0.0208624080015638	0.0214493943686298	0.0012078717680006	0.0102452239155213	0.030464071593112	0.0155201068284474	0.026118002691272	0.0214336567102665	0.0093832992308165	0.001336811981199	0.0293187244652721	0.0311906142717018	0.0367746837118042	0.0078759845884855	0.023089468992112	0.0032964320293152	0.0285513368278487	0.0128186129177836	0.0208191530818522	0.0	0.044250965139476	0.021335378592752	0.0155647389884845	0.0128436703901847	0.0202244876954865	0.0047705794878738	0.0003683045047685	0.026208137859545	6.351621638412764e-05	0.0066490157518806	0.006307049388525	0.0006848063617205	0.0	4.243009882502544e-05	0.0006238810748817	3.35603938097456e-05	0.0001228349904935	2.8854177115631015e-05	0.0054516357412673	5.930919497192545e-05	0.021365775489232	0.0002642904961895	0.0	7.731344918469004e-05	0.0048346155040273	0.017085759840589	0.0078836503284262	0.0001422372030701	0.0002322473473251	0.0007953252113196	0.0003288652279232	0.0002688662110947	0.0075348921318587	0.0218471838349298	0.0272182688631961	0.0003090458967686	5.561123159650872e-05	0.0005985625499261	0.0064242199203614	0.0	0.0	0.0017598142426536
0.0079054532917626	0.0274632830544006	0.0324065221981325	0.0003342939091654	1.076789333004575e-05	0.0083347120708666	0.0141811419136829	0.0161956531566953	0.023481548963853	0.0074700895467104	0.0162614262689978	0.0053751577215143	0.0270339087627212	0.0162509342913855	0.0033424372342703	0.0346872002418872	0.039722923515552	0.0271077105741233	0.0375075578258304	0.0021132405011426	0.0195812460087713	0.0307020856705664	0.0403265780629042	0.0309292088826138	0.0192865399842395	0.0421933190329301	0.0	0.0236681577754726	0.0106930155968726	0.0117358727489034	0.0176231735872478	0.000982370545657	0.0022214730871638	0.0304331817690031	0.0001161494039204	0.0178030557091624	0.0217906003702443	2.1356942418682128e-05	0.0	0.0001039323293992	0.004008910067375	0.0006644953410094	0.0001689991383883	0.0002132341770141	0.0032919919102857	0.0001337402208473	0.0130346447720177	0.0007710941648973	2.06842113236249e-05	0.0134850244589359	0.0097378003847085	0.0145763843161615	0.0155199633753169	0.0001856522273079	0.0012082570619185	0.0154405666150646	0.0250360840812617	0.0016740035610699	0.0128100774874032	0.0247820481897949	0.0361852369806849	0.0037729565329322	0.0002285419993538	0.0008524664307207	0.0048056077595383	0.0	0.0	0.0023477415932685
0.0215444607159994	0.0009073811241513	0.0286704162852526	0.0272242568504176	9.80610738293113e-06	0.0330575700806498	0.0376768048064101	0.0300416207971046	0.0250145205797533	0.0376568226385226	0.0113239612194487	0.0241594213596029	0.0028310957514913	0.0265270055606404	0.0040756074925823	0.0228310137481737	0.0138823538363391	0.0050460819466007	0.010580821859756	0.0241379007373137	0.0313920984849968	0.0186348122748078	0.0374108229030805	0.0351779886432629	0.0014672225525642	0.0204160130240466	0.0245518896777794	0.0	0.0324578151125081	0.0374541593101685	0.0002161256103298	0.0066995780109801	0.0234839152099085	0.0319174798957197	0.0041971608502966	4.473131104761626e-05	9.142821661891364e-05	0.004783312933683	0.0	0.0028271943209294	0.0074466836279218	0.0071181687692513	0.0156929348673921	0.0022679046100972	0.0006198126773178	0.0015952136657745	1.6123701302408247e-05	0.005347169130084	2.343082675957506e-06	0.0162526507421711	1.540512115231107e-05	3.406455703181842e-06	0.0004059990435225	0.0033971130221702	0.0167210760069678	0.0145181157461217	0.0037584081551988	0.0257106605753813	0.0	3.738155113210407e-05	0.0010904501186646	0.0250332844960422	0.0092488149580414	0.0130817263933267	0.0	8.810643475566561e-06	0.0006979817536397	0.0020597754301798
0.0317434957350743	9.319795707791328e-05	0.0105019771353107	0.0266852798744011	2.6467173351211447e-05	0.028818503579559	0.0331381377038581	0.0256646490914719	0.0204105841280057	0.0319113206452227	0.0205653661501658	0.0307049505020233	0.008101136099991	0.0324912521089403	0.0173730708938729	0.0042884646640353	0.0142292712935318	0.0128843036104593	0.0157230672248001	0.0302712573827394	0.0107248590509764	0.0055170818061105	0.0177560646562083	0.0312262737859758	3.524799184703527e-06	0.014944035675204	0.0122056879370836	0.035322703087774	0.0	0.0286053473100794	0.0038828502230384	0.0162214586692046	0.0344895127728768	0.030991196638916	0.0022464215371688	0.0	1.871991395345076e-05	0.0008025380722122	0.0	0.0009505706904338	0.0034743391232857	0.0026620868747683	0.0061478549125372	0.0005141469500525	2.1782082207385656e-05	0.0014279565673883	0.0	0.0023437012525641	0.0	0.0002801347877972	0.0	0.0	2.987891439119268e-06	0.000206152918493	0.0019182941433544	0.0007749667162866	4.901886754520682e-05	0.0162637144943486	0.0	0.0002252231527957	0.0009544375775992	0.010909089378167	0.0065184107893494	0.0025039292460277	0.0	0.0	0.0001471397954256	0.0005750998827768
0.0272571728989376	0.0005837724246462	0.0123110573334892	0.0013190182056093	0.0	0.0167169769946467	0.0298966502001726	0.0294311591558677	0.017295299129741	0.0127963614453805	0.0096391309437066	0.0006190883765475	0.0010405096571391	0.0307759243724468	9.596642666187e-05	0.0217098302407845	0.0181367317740551	0.0074703574558636	0.0173165386235397	0.0009233650891193	0.0387352332734019	0.0135280300742902	0.0282921004315262	0.0280417962047382	0.0001695285237622	0.0125523505631498	0.0113948450948448	0.0388531471373705	0.0266368243123789	0.0	3.822281747120074e-05	0.0028751885781163	0.0080217067713446	0.0267208792458211	0.0004164630296299	0.0	0.0	0.0001490759910121	0.0	3.729199634668015e-05	0.0014680242876486	0.0002976744085962	0.0025579325791469	0.0	4.88555616515514e-06	5.0060845749144334e-06	0.0	0.0004392221617694	0.0	0.0031384138904189	0.0	0.0	0.0	1.395666396798846e-05	0.0036662721375769	0.0032615242754842	0.0003105260758516	0.0076562069388643	0.0	2.4593091156371375e-05	0.0002854082134359	0.01026231212452	0.0010986020754146	0.002543952140773	0.0	0.0	3.62548964918315e-05	0.0003629387199745
3.924711619510659e-05	0.0010159414111677	0.0006183734864587	0.0001350840015439	0.0	0.0029522518751833	0.0001518819010771	0.001476894183131	4.788159929425402e-05	0.0006948208586532	0.0144951263022438	0.0037342844852651	0.0250510584177781	0.0048503751250977	0.0009376076857733	0.0	0.0005027075418668	0.0073075451010988	0.0068640349772926	0.0008257499575339	4.838149748484968e-05	9.991786943635116e-05	0.0003029979179608	0.0003694818945534	0.0119149741310341	0.0216762069650771	0.0196991951499743	0.0004030222583027	0.0037129838876089	5.8010181718531954e-05	0.0	0.0006882204124388	1.128409178536754e-05	0.0067562008733798	0.0	0.0	0.0	0.0	0.0	0.0	0.0	0.0	8.802772117054407e-06	0.0	0.0017447960568213	1.4027782716401489e-05	0.0139207569215909	0.0	0.0	0.0	0.0	0.0046062937494927	0.0001303242641571	6.6455705119467565e-06	0.0	0.0	0.0	0.0	0.0019494158357171	0.0074896644746987	0.0086286669417539	8.802772117054407e-06	0.0	0.0	0.0015081588362249	0.0	0.0	3.6321638112123146e-05
0.0003156469136342	0.0	0.0007186927932853	0.0030507546174844	0.0194687846115583	0.023467431958418	0.0068727550111764	0.0158649856301683	0.0018427571619681	0.0081262957087229	0.0104112554784131	0.0131132645612644	0.0031201012465523	0.0164485265511497	0.0090064156096105	6.358349687127739e-06	0.0004098981921183	0.0032178693773319	0.0012743181706867	0.004987908788877	0.0010370132022492	4.766830607290358e-06	0.0035826367514519	0.0086257215485465	0.0	0.0072842534699615	0.0005800763388174	0.0076432651299098	0.0186136637555082	0.0033753355180023	0.0012663606399987	0.0	0.0001670304628602	0.0273143133449435	1.7314618117619017e-05	0.0	0.0	0.000107904603798	0.0	1.4010676144843615e-05	1.0314905468234322e-05	6.221663574103377e-05	0.0001602189350729	2.1595077676796723e-05	0.0	6.783461342421915e-06	0.0	2.082645061823064e-05	0.0	8.11116884162364e-06	0.0	0.0	0.0	3.697336274679656e-05	0.0	0.0	0.0	0.0008358541053057	0.0	0.0	0.0	0.0002679303453275	0.0	0.0	0.0	0.0	0.0	0.0
0.0036317050818689	0.0	0.0007949708553458	0.0078095835696841	0.0	0.006714884707025	0.0160588337374123	0.0042740414791576	0.0077292070480381	0.0072270308942935	0.0008720004203998	0.0009424105336867	4.823385954163468e-05	0.001167185305329	8.649854929861187e-05	0.0001731374648201	0.000580983917131	0.0001954677728709	0.0043785776455264	0.0050305308697335	0.0005044689244383	0.0003856484024217	0.0028334505321474	0.0175466404536304	0.0	0.0002277125283907	0.0012091181324855	0.0229989104328346	0.0323576371889936	0.0079539866949598	1.2021765290151048e-05	3.511861215856892e-05	0.0	0.0171377056241166	0.0004427841453794	0.0	0.0	9.725534142364736e-05	0.0	3.0082478171763515e-05	0.0004631238490156	0.0002236932941314	0.0011340903847965	4.825698869074917e-05	0.0	2.1325066596558814e-06	0.0	0.0002405958316009	0.0	2.071869370486973e-05	0.0	0.0	0.0	2.109924059510115e-05	4.865475742217848e-05	2.45034811546844e-05	0.0	0.006470842876646	0.0	2.7530536469027984e-06	2.1325066596558814e-06	0.0023900258446714	0.000581473180628	0.0003052167049848	0.0	0.0	9.62291919456926e-06	4.044960594899846e-05
0.0171430547740204	0.0001071752108078	0.0178189728572778	0.0114204036142034	0.0119822257265649	0.0214628571139522	0.0194840495595996	0.0231821649709213	0.0100074038295419	0.0198731824766849	0.0302133390766545	0.0236606974873171	0.0194449734847468	0.0277410717582278	0.0112696303585521	0.0109782273215174	0.0144351077851509	0.0146479732523013	0.0249513834294574	0.0164345606933774	0.0309438498210159	0.0016007281590159	0.0256639546394808	0.0229814774046645	0.0009247708100967	0.0258668662807006	0.0319902773700229	0.0298180639104742	0.0282813868166077	0.0241957011015208	0.0050922032358605	0.0254775839741797	0.0119660756176159	0.0	0.0005023457073638	7.355398355158129e-05	0.0002987601303237	0.0002522015470857	0.0	0.0001107618091321	0.0008701883715946	0.0005341682102523	0.0032762012868838	6.828122655533492e-05	1.7603221328590777e-05	2.242925765791837e-05	0.0	0.0003975649091581	0.0	0.0004578205021108	4.420967795901686e-05	0.0	0.0	0.000151757750024	0.0002495969533492	0.0003147062753049	0.0001067757321428	0.0092204153671562	6.06978090216541e-06	0.0004456210949735	0.0014645497905258	0.0044081476731148	0.0012988891616198	0.0007701698964634	0.0	0.0	0.0	6.820908396999351e-05
0.0005339058844529	1.5840257378584317e-05	5.981219302880436e-05	4.88881763946484e-05	0.0	0.0004919344306766	0.0005486246439203	0.0002503544691196	0.0033716853715251	0.0001173969902627	0.0	6.784628987253923e-05	2.6096060783643783e-05	0.0005023590888493	8.950042885589368e-06	0.0007167896808734	0.0016984439246306	0.0	0.0	3.1306139357976075e-05	0.0010059754428443	0.0001221730203827	0.0001180391845089	0.0070505757311937	0.0	8.564315431954708e-05	0.0002090477341191	0.0069002533100773	0.0017694544888902	0.0005547547539183	0.0	3.8612134569470376e-05	0.0004009256788889	0.0013799225251506	0.0	0.0016481317749263	0.0063600998036134	0.0111247470934572	0.0	0.006232621434844	0.027777040728307	0.0141876018931769	0.012470289796613	0.0118529101887568	0.0061034153857301	0.0034105833856436	1.2511849944787571e-05	0.0298417597302409	8.11180757115139e-05	0.0038597111975978	0.0090486453400749	0.0052473327695656	0.0113819781268895	0.0094595150331789	0.010275198217847	0.0034132488247269	0.0141571992271714	0.0235744821126119	0.0002399773831314	0.0162513706005807	0.0133506754200078	0.0284670110386313	0.0284780053599539	0.0248965492093597	0.0007541998664983	0.0004985666846509	0.0040820039765434	0.015622192176975
0.0	0.0058663340918212	0.0105794154627511	0.0	0.0	0.0	3.309202892880298e-05	2.175474589628361e-05	6.267109410674838e-05	0.0	1.54250470047422e-05	0.0	0.0026741577364358	9.392902334094877e-06	0.0	8.559495418817185e-06	0.0015451561022012	4.106936128561921e-05	0.0008170572507277	0.0	0.0	0.0001422296332699	0.001769631992951	0.0	0.0065030301201579	0.0047760824859422	0.0164749208118354	2.3310135835613427e-05	0.0	0.0	0.0	0.0	0.0	0.0001523724523692	0.0013311760544825	0.0	0.0054332568407646	2.358173350428897e-05	0.0001688914219243	0.000169482757248	0.0086197903536093	0.0007670064122209	0.0206483043792993	6.469448981061874e-05	0.0018554116149436	0.0064692136133929	0.0171839714014454	0.0034986317920037	0.0077277901230683	0.0098919341648219	0.0162919928601215	0.0050255469465446	0.017854286285983	7.337501828250876e-05	0.0039540396611174	0.0275727549681906	0.0068197222995998	0.0284586788231007	0.0266136527627348	0.0214236332789349	0.0322088382348444	0.011600281944282	0.0032135067865431	0.0083194568250746	0.001254629302391	0.0	0.0004308436960363	0.004641847981335
0.0	0.0101748962352736	0.0196360503256184	0.0	0.0	0.0	6.032630496007808e-05	6.520390764531829e-06	1.871115109963474e-05	4.889615622343534e-06	0.0	2.4514276809098595e-06	3.5087621247762616e-05	4.160234929668583e-06	0.0	3.6664617443218685e-05	0.0039470394597524	3.1524462046794846e-05	0.0002083686341579	0.0	7.995782033769307e-05	0.0043980350820153	0.0087925184256951	0.0003306409750549	7.749349768467764e-06	0.0052258468216366	0.0249513336786839	9.360641565957522e-05	4.420778771166768e-05	0.0	0.0	0.0	0.0	0.0004937889559501	0.003153054744352	0.0088267945523103	0.0	0.0013638163600614	0.0	0.0088752604556793	0.0258175598109815	0.020680068284129	0.0002319805299348	0.0050462339272146	0.0027762491104855	0.0002923546263121	0.0002391208536002	0.0157228450540914	6.556716068765217e-06	0.000687167959706	0.0220680426170926	0.0081956014274265	0.0170678911298819	0.0003782880507031	0.0253392135094733	0.0065416042467722	0.0338755627366964	0.0102801040996118	0.0004258781587366	0.0321184131591854	0.0332320401642019	0.028785159378537	0.0069163022523257	0.0102939330318754	0.0032991099013392	0.0001962527994497	4.354935826976074e-05	0.0158602935966103
6.53639652095505e-05	0.0	2.4570607984149777e-05	0.0060931850940264	0.0	0.0068229085136972	0.0055892337081174	0.0015690552824118	0.0102074347804419	0.0044598983044421	1.5292392749213087e-05	0.0031146914202586	1.044304100673248e-05	0.0005575910892394	2.444790667768759e-05	1.2890809235748327e-05	0.0	1.194853621253034e-05	0.0	0.0024129915324238	1.1997256067670435e-05	9.65488660045632e-06	6.324641846471366e-05	0.013805402538438	0.0	9.798107157983486e-05	1.536134026785396e-05	0.0061067339522389	0.0009010999195341	4.417685409034481e-05	0.0	0.0005350550888125	7.849680150944345e-05	0.0007357389331048	0.0141335902064993	4.09929742696839e-05	0.0024390839335892	0.0	0.0	0.0236479173120012	0.0053439319727534	0.0189000364217121	0.0210266095480477	0.0335331801566929	0.0103473569450019	0.027942366695669	0.0001698152831329	0.0210966211022185	0.0018297303708506	6.111744086218914e-05	0.0001002954929314	0.0025015133491837	0.0008060169819282	0.034770562571093	0.0001035335217718	2.718088926176779e-05	0.002813982060127	0.0278794961876689	6.699205134479164e-05	0.0061376675902172	0.0050266145221403	0.0292541132919771	0.026531790832861	0.0018692794918703	0.000553679149879	0.000551212575899	0.0013467028712257	0.0190219639018741
0.0	0.0	0.0	0.0	0.0	0.0	0.0	0.0	0.0	0.0	0.0	0.0	0.0	0.0	0.0	0.0	0.0	0.0	0.0	0.0	0.0	0.0	0.0	0.0	0.0	0.0	0.0	0.0	0.0	0.0	0.0	0.0	0.0	0.0	0.0	0.0003827460840409	0.0	0.0	0.0	0.023179609135057	0.0009945079063273	0.0118935553549423	0.0079575986447977	0.0005239521876356	0.000140117382955	0.005877704480202	0.0	0.0001756794897435	0.0293700754517029	0.0	0.0	0.0	0.0	0.0003445469871269	0.0	0.0003542457424101	0.001692908901119	0.0009715329114813	0.0	0.0	0.0005685771175164	0.0005857117845513	0.0007546443218272	0.0	0.0	0.0162441040555317	0.0	0.0198646406907981
5.950537564784687e-05	0.0	0.0	0.0019192716906928	0.0	0.0026416163285334	0.0013918885111521	0.0003452556316548	0.0056039526756781	0.0016365392906006	4.265786386814579e-06	0.0005204328698594	0.0002133686783162	0.0002083600785894	7.667300189471894e-06	3.791666193480321e-05	0.0	0.0	1.545239393234878e-05	0.0007904549575349	0.0002430670917882	4.210842442944669e-06	2.0329898872818085e-05	0.0100116186654284	0.0	1.3418502339637168e-05	0.0002525863414181	0.0029247191490505	0.000781879532594	4.652824531441352e-05	0.0	6.274657380493639e-06	3.255511235865964e-05	0.0005366594125279	0.0073585102474472	0.0002921245887618	0.008616910052596	0.0241529969985426	0.0224416040267477	0.0	0.0272574225961768	0.0388649218718357	0.0124252742698403	0.0384023604299373	0.0172209284391977	0.0293889572991345	0.0011733396659044	0.023774318387725	0.0290499835034173	0.0019924749683826	0.0022173416764749	0.0077934725957953	0.0016103577310699	0.0226635262052281	0.0017532173607817	0.0003095856638635	0.0130585861133678	0.0199158174157155	0.00017071709124	0.0132385621289228	0.0080514420835288	0.0319083065493762	0.0222712319789714	0.0066468400549857	0.0023186889303519	0.0225525912664641	0.0003538594028494	0.025083932862099
0.0009184144960412	0.0001659079106211	0.0005544457171724	0.0018308880597041	0.0	0.0034329516429789	0.0028691683209222	0.0008729789990773	0.0081757974377629	0.0019279268087315	1.7361183149262654e-05	0.0005709498434834	9.529836630692228e-05	0.001201815295053	3.648172030211032e-05	0.0014151281687472	0.0	6.894730798013013e-06	0.0003981613433248	0.0023853857276554	0.0020269043745383	0.0005789330252189	0.0003205219984493	0.014549007432954	0.0	0.0004290858545036	0.0046176196626698	0.0089194080344776	0.004673048245134	0.0008523416300663	0.0	4.3833536946073465e-06	0.0014775702651629	0.0020483011506526	0.0282667447868165	0.009218497278666	0.0298455181780161	0.0089056367934666	0.0004864128431932	0.0275626989341651	0.0	0.0382304944947211	0.015831733723614	0.0291773680711054	0.0133303595831352	0.0050403263325398	0.0018184512156877	0.0354608137007514	0.0002508867025518	0.0089318593171899	0.0262964121378771	0.0171739445430777	0.0275722920780122	0.0033973768180575	0.0265373331439391	0.0059345839815203	0.0370485021726614	0.0253884702084106	0.0004372265786962	0.0338526898298755	0.0278100878789476	0.0418994456230244	0.0302197629390196	0.0354249942402718	0.0047855164239633	0.0024897894480887	0.0054725291414377	0.0251647122905785
0.0003786528756749	7.568685368671313e-06	4.6063454637527145e-05	0.0021184362518949	0.0	0.003544591303693	0.002064561064751	0.0010093831492555	0.0080259476763434	0.0014953864678981	4.580196429314165e-05	0.0007561328109341	7.705333662444578e-05	0.0008301538178426	3.3771318361149764e-06	0.0011077221584301	0.0	0.0	0.0	0.0003956410668224	0.0013317734326891	0.0005239571482052	0.0001255652730217	0.0128051439954807	0.0	1.4103940661906572e-05	0.0007626001127469	0.0054081167062575	0.0020671991721411	0.0001126290918273	0.0	2.6595363481251667e-05	0.0005124307695108	0.0006698572647334	0.0095861286359414	0.0004846818163442	0.0203729011284675	0.0167358266921949	0.0103184850206815	0.0370706929341495	0.0361825540906452	0.0	0.0135300935341338	0.0312419148878496	0.0233252740188919	0.0273394796303875	0.0036819203428355	0.0341563012064162	0.013695948299917	0.0029582902784633	0.0147192620541461	0.0119842088362506	0.015156373616848	0.025618042161885	0.0109729326771441	0.0017254053753333	0.0243515741807365	0.0200246521279942	0.0006191272223036	0.025021574661445	0.0138163874879959	0.0312745156227014	0.0236927770031551	0.0149588755380611	0.0035406053046496	0.0183662367574718	0.0006386951950364	0.0289172885968974
0.0032116163529385	0.0	0.0004664103700944	0.010718989893624	2.879692772377831e-06	0.0085612061577121	0.0054834659514007	0.0041222586459618	0.0150243823644683	0.0087331814169835	0.0001702343669262	0.0068288834005743	0.0001164219067697	0.0030767704270981	4.6517074177564016e-05	0.0007642232929373	1.6506748727753443e-05	4.158782017838451e-05	0.0	0.0050372269347949	0.0001169401970015	0.0028601664921346	0.0009380643068032	0.0192088963450002	0.0	0.000129380033996	0.0001293490151094	0.0155248903405982	0.007705884134836	0.0024952321456565	3.775843609122845e-06	0.0001850296473398	0.0040454415486619	0.0064953869814818	0.0093723406793418	0.022885187821439	0.0002160038083881	0.0165152614574954	0.0061653052544935	0.0106955068978382	0.0134229011625584	0.0127253190565254	0.0	0.0119013340085466	0.0014748457855608	0.0202146536863146	0.0085523335087048	0.01144677669357	0.0245152527234754	0.002066361146938	0.0005634022401947	0.0008866850104849	0.0004211868972744	0.0118196824412653	0.0004770497195401	0.027659946002462	0.0007010919517247	0.0344412037615534	0.0161918030012714	0.002206266755329	0.0206035047865265	0.0246391879079429	0.0166910713470593	0.015528415348777	6.538922802363343e-05	0.0001694053825007	0.0047330449940197	0.005891117389639
0.0001671859995918	0.0	0.0	0.0033933787038305	0.0	0.0047571964868718	0.0014160726080069	0.000467516350075	0.0092023605154896	0.0021484756972114	8.247586581920382e-06	0.0020476682632248	5.622305308772343e-05	0.0002550343762117	5.403509298160065e-05	2.4396221685101836e-05	0.0	1.1437616939685173e-05	8.006452843743571e-05	0.0010825699941781	0.0	0.0	1.1972846577632556e-05	0.0083347022325804	0.0	3.004225540077566e-05	0.0004199801694783	0.0036367795025845	0.0007954754447649	0.0	0.0	8.789623834168236e-06	0.0002090494732349	0.0005536146084301	0.0169776921217976	2.294759121140889e-05	0.0067510783246413	0.0341522035763517	0.0001604074698081	0.0396628996925231	0.0306701057365493	0.0342160716695263	0.0182810565040604	0.0	0.0198426916601969	0.0367113147741902	0.0017707709872587	0.0297289221200214	0.0011527653232406	0.0011102835049735	0.0043881515947378	0.0112691187381568	0.0048403352632137	0.0340849485188449	0.0013914590740061	0.0001353498815888	0.0092325787660782	0.0217515239473553	0.0004487957646126	0.0150082813228236	0.012154894347464	0.0370818538017465	0.0310654368551744	0.0060926445787117	0.003879415290378	0.0062332421398096	0.0009587111672972	0.0256756696867954
5.838627209941366e-05	0.0002134380520355	7.925458521783003e-06	1.5186207300063408e-05	0.0	9.929475435933506e-05	9.024328533230948e-05	1.8246997760965396e-05	0.0006013911359412	5.150907238433034e-05	0.0037036461036308	3.6664617443218685e-05	0.0166628661637251	2.89243164482481e-06	0.0	0.0	0.0	0.0007342931142516	0.0002639750608939	7.378875026914232e-06	2.4691045081231355e-05	4.73011848044202e-05	0.0	0.0006208953851267	0.0082304293819859	0.007554605028826	0.0035577544111464	0.0001910188105259	2.257647002473188e-05	8.236043419881835e-06	0.0023439190518294	0.0	0.0	4.803369159108183e-05	0.004761477855707	0.0015030485705117	0.0035417261266776	0.0091984841615714	5.274288987118654e-05	0.0204450567120006	0.0123899957931746	0.0186574247262276	0.0020944565766492	0.0190538164107825	0.0	0.0222971129773239	0.0293715360553342	0.0293834991082543	0.0012539925843389	0.0001918412260877	0.0083217752731843	0.0308442902458167	0.0118122372253907	0.0186572484559618	0.003995823902766	0.0008798418443976	0.0074540916894675	0.0061466939524496	0.014230709723786	0.0327087854976151	0.0256824415848875	0.0147946443437152	0.0221951509458489	0.0033753932929616	0.0232810595407834	0.0054520424733965	1.5031047924342072e-05	0.0368669998770623
0.0	0.0	0.0	0.0092799738405217	0.0	0.0059715725862795	0.0007582047426113	0.0004809566246133	0.0105180417365423	0.0063682726793532	5.650170441677922e-06	0.0010682855849917	0.000167483479616	0.0002567558668653	0.0	0.0	0.0	0.0	8.842454049837567e-06	0.0011613863061029	0.0	0.0	1.698313462445012e-05	0.0086795214029495	0.0	0.0003582250811473	0.0002349344779587	0.0052964759027032	0.0009733591908251	2.531037047204557e-05	3.4923853619572486e-05	4.072439826165412e-05	1.0461606422737813e-05	0.0003184633618022	0.0059538739784414	0.0074223961126096	0.0004642595485493	0.0297909187950053	0.00289372279506	0.031157451671631	0.0065464882744324	0.0287296250166618	0.0225829341747062	0.0371157298178219	0.0229537924270059	0.0	0.0029780656975673	0.0282888726940825	0.0265509726354408	4.199893269139615e-05	5.961000020475941e-05	0.0137511079573959	0.0068340745814913	0.0381271771219857	1.7505379676774584e-05	0.0070585970901683	0.0009633519061735	0.0173397242337382	0.0028261014073516	0.0170732171136396	0.0146274576642459	0.023972864687898	0.0279267607055405	0.0006701449020185	0.0069813014227785	0.0080414794351729	2.574270067973086e-05	0.0272374111350753
0.0	0.00178342463624	0.0003726617869788	0.0002615831563129	0.0	0.0006333690100732	0.0002140109322937	0.0	0.0043692416603578	0.0	0.0165778752806671	0.0	0.0290042279413862	0.0	0.0	0.0	5.6718361555392784e-05	0.0070356245797986	0.0042287562061932	0.0	2.5223260821816892e-05	9.813304737044802e-05	3.499539094196206e-05	0.0003601427702705	0.014327416990735	0.0207937951565999	0.0158222681022069	0.0008586405305896	0.0	0.0	0.0138802301523381	0.0	0.0	0.0	2.6965782260674036e-05	0.0209307336624992	0.0002720834989858	0.0018829350753845	0.0	0.0029096289119241	0.0008811073263479	0.0036321677971966	0.0107221810865405	0.0030178507168089	0.0338217323857737	0.009980888342049	0.0	0.0098989387444043	0.0005767468760504	0.0022667123233667	0.00226815551105	0.0132732568353453	0.0037761237667727	0.0021730010258377	0.0001258740001775	0.020382474903763	0.0016341048770174	0.0135264577086992	0.0307512947178698	0.0255705299097618	0.03237901456881	0.0053110943264445	0.0039652599946983	9.016433898776495e-05	0.0214327736729163	0.0001597867704225	0.0	0.0182973324418898
0.0003258267455349	0.0	8.051721077775047e-05	0.0006523648146397	0.0	0.0022697661688728	0.0007514833780371	0.0004123431025915	0.0056361891812167	0.000767525378979	0.0	5.4702624811220536e-05	0.0002067062356135	0.0003249057268257	0.0	0.0013487116134955	4.271979906612765e-06	4.7134668725502e-05	1.2900901286835903e-05	5.818137886286852e-05	0.0026706455125349	0.0004032531813936	0.0003573486135906	0.0095824549932749	0.0002747064650948	0.0001828338610568	0.000995568834172	0.0061025142350621	0.0013729751137295	0.000422262764526	0.0	1.99078797476305e-05	0.000487097135666	0.0009453427517762	0.0317805461666534	0.00301841498603	0.0172410318900528	0.0203691628018748	2.6046294551290264e-05	0.0250638757046079	0.0355676133472426	0.0344238747547569	0.0130717581804685	0.0287172262036766	0.027800385907751	0.0261534501663178	0.0064320239049466	0.0	0.0045271578370736	0.0065105648684178	0.0154993020718321	0.0177560539197396	0.0174085288660173	0.028708984568499	0.0136059328379995	0.004458778816825	0.0223499708342723	0.0237770525959708	0.0012478266915234	0.0264762456431845	0.0195204443691511	0.0321232087700207	0.031596523368234	0.0239254381886453	0.0075862960721109	0.0148322201401585	0.0007281836676817	0.0314882463612761
0.0	0.0	0.0	0.0005120316790997	0.0	0.0	0.0	0.0	8.467271353034006e-05	0.0	0.0	0.0	0.0	0.0	0.0	0.0	0.0	0.0	0.0	0.0	0.0	0.0	0.0	8.230416768917798e-05	0.0	0.0	4.475042145992492e-05	1.9914239184090695e-05	0.0	0.0	0.0	0.0	0.0	0.0	0.0005346093135441	0.0109437711909747	1.655318127477384e-05	0.0025510212753642	0.0289358380284071	0.0286090802593828	0.0011650027261755	0.0141294423385495	0.0296825398769984	0.0027613891450492	0.0010706538838603	0.0286675822685599	0.000634598443769	0.0057074446359665	0.0	0.0	0.0	0.0001484785853741	6.068545444001785e-05	0.0042385510620925	0.0	0.0112004727481264	4.475042145992492e-05	0.0162986708306226	0.0041696278019093	0.000354306611799	0.0104400425636099	0.0059452721460582	0.002955899938136	0.0001463385529124	5.316103761691004e-05	0.0075043261057461	0.0	0.0033393466175499
9.363012417457218e-06	0.0001770571176371	0.0005602201482509	6.807001410158359e-06	0.0	0.0005465667144867	0.0012474042743732	0.0003673254159715	0.0049230908762176	0.0004307613025072	9.438096751183391e-06	6.807001410158359e-06	0.0	9.04422603554365e-05	4.5336247802003697e-05	0.0209644309516809	0.0	0.0	0.0	0.0	0.0159172467558935	0.0165209036212068	0.0207349251314794	0.0120324851558962	0.0	0.0001213934721328	0.0168180189847334	0.0159433037488401	0.0005961049804842	0.0025973687929552	0.0	9.363012417457218e-06	5.702214205013863e-05	0.001518103037014	0.0042341799523001	0.010910073508086	0.000378888459697	7.912727898080904e-05	0.0	0.0004637547784525	0.0072680747261081	0.003414674789791	0.004521232233183	0.0007611622820221	0.0003187063212673	2.8496332561907828e-05	0.0013500185510933	0.0079025935402404	0.0	0.0	0.0025566965029509	0.0001715476218551	0.0011234399518567	1.698313462445012e-05	0.0332426931117431	0.0282342332580071	0.0362355301002549	0.0275988489505563	0.0016647438060432	0.0047205241883683	0.0329627087767611	0.026514069205664	0.0050183368671537	0.022120564945768	0.000542674045736	0.0	0.0002592480625694	0.0137930135628269
0.0	0.0016396926800908	0.0048558205074516	0.0	0.0	0.0	0.0	0.0	5.219203945607745e-06	0.0	0.0	0.0	3.934906240177081e-06	0.0	0.0	0.0	0.0004874814681013	1.3543508999885564e-05	0.0001132747890056	0.0	3.7115435244400754e-06	5.710482799331593e-06	0.0002660124498005	4.972245384901928e-06	2.684977127170986e-05	0.0026463387307213	0.0098706149257003	2.7388762109244425e-05	0.0	0.0	0.0	0.0	0.0	3.557685789937645e-05	0.0071821521563196	0.0171822544286593	0.0241049824175779	0.0001132346825527	0.0	0.0030308952154553	0.023664681001848	0.0168841659109681	0.0002959607122647	0.0005201496988875	0.0116930973808245	0.0001071531104146	0.0018721148602369	0.0148470435443031	0.0	0.0015984346501088	0.0	0.0159683178268252	0.0287755612454157	7.160115003068289e-05	0.0174462140712648	0.0007609347881984	0.0264405694145483	0.0045874248612309	0.0017405592178669	0.026334130676797	0.0373958457654609	0.0159536589419462	0.005334925511637	0.0167490921550269	0.0015952212859306	4.517967256797384e-06	0.0	0.0173131176990411
0.0	0.0002407459688065	5.983378312050457e-06	5.486855467833226e-06	0.0	1.190755236009123e-05	3.870208664935484e-06	0.0	1.701922386626621e-05	0.0	0.0012595110534305	3.760173856358719e-05	0.0134532404810543	3.5546072134410747e-06	0.0	0.0	0.0	0.0036672085933764	0.0026704102597454	0.0	0.0	0.0	0.0	8.144823806983244e-05	0.0013939182501169	0.01468241419866	0.0155906958541207	1.865184465754592e-05	0.0	0.0	0.0043524007256066	0.0	0.0	0.0	0.0020581244511669	0.003937024879948	0.0062793324199957	0.0017865500928024	0.0	0.006720734590319	0.011977115725374	0.0068553160830857	0.0005051529687506	0.0083007241007722	0.0277410501157067	0.0129521883849298	0.0113157879491345	0.015476559000098	4.336950756869638e-05	4.319157950039314e-05	0.0119035379140611	0.0	0.0235726627109409	0.0078568719114986	0.0062478653602984	0.0018997398040983	0.0102458630635295	0.0015910457738577	0.0115825983627553	0.031163701733253	0.0287475157289614	0.0063200864416915	0.0099075065270318	0.0057590389490785	0.0147689768659958	0.000257787809191	6.0016854390704e-06	0.0191385828498072
0.0	0.0015808527388668	0.0001261691460443	0.0	0.0	0.0	0.0	0.0	6.065534749521064e-05	0.0	0.000220616925885	0.0	0.0018439508206692	9.60187743512039e-06	0.0	0.0	6.368045125147503e-05	0.0001007768765441	0.000897306586668	0.0	1.3574751262856889e-05	0.0	1.8568496407148293e-05	2.335876663570287e-05	0.0006819836855187	0.0055652793589549	0.0138345513380851	2.7434325040481864e-05	2.075717165569102e-05	0.0	0.0006489598584376	0.0	0.0	0.0	0.0069369549883767	0.0147749491771335	0.017595110314519	0.0014404106195999	0.0	0.0020315539653517	0.0228536198333829	0.0139400733865764	0.0002936448427151	0.0041310088028132	0.0162831898836949	0.0052609828699231	0.0047540828327524	0.0151786161995141	1.1858754092140723e-05	0.0004397115726442	0.0251176309641049	0.0283604783297911	0.0	0.0042355214777938	0.0160743664954389	0.0006557285230587	0.0209995517595136	0.0014489727380173	0.007400350479312	0.0348192893635114	0.0333387114303852	0.0139697487676935	0.0060942838314079	0.0154585816327255	0.0057653792998538	0.0001068494838914	3.0774533550896214e-05	0.0215942551207582
2.905668991309115e-05	0.0	2.098398676542154e-05	0.0030974131069784	0.0	0.0013672973048428	0.0009773027146105	0.0004067337599184	0.0042064025481926	0.0017229602757596	8.982288070986846e-05	0.0009863360051648	7.758341441569677e-05	0.0008750139495712	0.0	0.0	0.0	3.159737643279134e-05	2.6489543832045675e-06	0.0007088202761138	0.0	0.0	5.475563355566541e-05	0.008546173084194	0.0	2.316700007126117e-05	0.0001389918920504	0.0030884614489504	0.0003401661299405	3.744248532950751e-05	7.882991216230523e-06	3.1362853835831766e-05	1.630372333673819e-05	0.0002488675920856	0.0107263784546757	0.0001087420301299	0.0004386344256279	0.0348576715902301	1.3406475431054075e-05	0.0221006195673389	0.0025124178669828	0.0229708084728	0.0140704896199303	0.0317119419743684	0.0164612955317181	0.0341950456218054	0.001030163676531	0.0254803108192333	0.0014239809089786	8.829187047030887e-06	5.063143923717662e-05	0.0070097596894609	0.003135853065464	0.0	0.0001090449250579	0.0	0.0004821041655197	0.0184909596179603	0.0003483746323785	0.0110627517526287	0.0097398376480788	0.0274008838640038	0.0277651509840787	0.0001727634270068	0.0018125366780434	0.0023058167547523	0.0003785467138773	0.0224038944735819
5.27906501575297e-05	7.999047981318174e-05	0.0003271598286885	1.2246938994620209e-05	0.0	0.0004051954545753	0.0013202762252091	0.0012036370550522	0.0030328104794754	0.0005886067350116	1.7131459152920182e-05	6.675726255266504e-06	0.0	0.0002021100059541	8.174561953329459e-05	0.0166725480245625	2.4068140147707164e-05	3.2967324671495165e-05	0.0	0.0	0.0149740632512457	0.0125667396688146	0.0023276485857786	0.0160580278873453	0.0	0.0002276074379078	0.0014807055784577	0.015986802875535	0.0007416621877103	0.0050750114326003	0.0	0.0	5.453795485090591e-05	0.0004985892083191	0.0092384010277772	0.0034284262660296	0.0291076819604651	9.488372249033308e-05	0.0	0.0024457438403063	0.0267572945658882	0.0141304682701176	0.0014200847874189	0.0024185215946991	0.0064683835680476	0.000415050472494	0.0009530127712923	0.0153295398845707	0.0	0.0308128631594381	0.0179682868663486	0.0094635254905796	0.0196473725975521	0.0003431377859731	4.475741959590127e-05	0.0170659853037258	0.0434947567405073	0.0095012874346389	0.0001396785084127	0.0274162083898177	0.025787829815352	0.0321776334003646	0.0089453182472699	0.0359674431614094	0.0014837831121052	0.0	0.0007807635935972	0.0317297870467372
0.0001753732691709	0.000554075437778	0.0008321123866954	0.0	0.0	0.0002657512794119	0.0007043314511527	0.0002066872457182	0.0017425237102524	0.0002189123450959	0.0	0.0	0.0002507482512427	6.02161948312728e-05	1.4125676803505403e-05	0.0143006628165746	8.520274660179258e-05	0.0	8.223719845750909e-05	0.0	0.0127852596386211	0.0128469321382124	0.0148555209839286	0.0101658399657096	0.0005486523067519	0.0001832547645321	0.0143240778059072	0.0144199629325792	0.0003419539071485	0.0017895866293922	0.0	0.0	0.0010796649638988	0.0007950484952264	0.001862059852025	0.0302618939534193	0.0020815595928933	6.427801909352018e-06	6.256124668851536e-05	0.0001186428840804	0.0019387779963437	0.0013158668830916	0.0260703634218947	0.00017100282143	0.0004098146433852	0.0063197511084517	0.0130247233870513	0.0025605729767592	0.0072770183480851	0.0263966456581497	0.0004660693520655	0.0012546712668859	0.0007704151287844	0.0	0.0102094054720618	0.0	0.0187559066389641	0.0346766795550248	0.0213208280110665	0.0031892968225331	0.0313119556990071	0.0209452677434369	0.0064128073560951	0.011044523436676	0.000476520220632	4.84336237225726e-05	0.0006239647594334	0.0011361450347312
0.0	0.005452997386187	0.0144180413648345	7.44106358290799e-05	0.0	3.0218174761212776e-05	0.0002073669157826	5.200579330138396e-05	0.0016420889728394	1.6506748727753443e-05	0.0	0.0	0.0	0.0001083034964659	2.556382496342553e-05	0.0141340008739379	0.0006206271003748	6.736866291505488e-06	5.815856601915662e-05	0.0001491506809936	0.0051283270098456	0.0170344200326502	0.0174494554743185	0.0051899008123546	0.0	0.000460088410271	0.0285562575372114	0.0021056655829973	0.0001179201343689	0.0004448915381559	0.0	0.0	0.0	0.0001682607846512	0.0103787867332327	0.0096219088791254	0.0355957238291675	0.0028597202808524	5.869977606849257e-06	0.0138008313518083	0.0340236647139454	0.0257306640933244	0.0027564667011298	0.0090161645348631	0.0063714019822904	0.0008999910005478	0.0003175864206087	0.0215913636802679	1.3062496069297286e-05	0.0299267713079446	0.0268127335688363	0.0130953871620614	0.0232295606931969	0.0007209344927302	0.0406917072342115	0.0226858089321845	0.0	0.0195107427957289	0.0001279715264929	0.0317007442920811	0.0401178550747328	0.0376209951439118	0.0112053205879744	0.0304233588221274	0.0030730039675695	0.0002923250065413	0.0001565709087306	0.0321316904651957
0.0098831299622513	3.0631224419590745e-05	0.0019633859557355	0.0165340148922442	0.0	0.0199840289494176	0.0137369650178504	0.0125031384722534	0.0234370300003324	0.0137757723211789	0.0006528838748114	0.0062169110101704	0.0001448692445736	0.0100572750371578	0.0003602864873281	0.0102256817184678	0.0002484203707669	0.00029398767302	4.073413965112392e-05	0.0091067549196784	0.0095453495244178	0.010859514982824	0.0046799993802837	0.0278119342224249	0.0001119722632075	0.0007344641161383	0.0031160560147781	0.0291123219200089	0.0169319352033574	0.0080619132147459	0.0	0.0020243510841125	0.0118724291800313	0.0152733232910824	0.0218477042245704	0.0306633760655745	0.0100654754115314	0.0261484061204046	0.000679005655049	0.0188368239762386	0.0236554591533991	0.0217833055296067	0.0374011587894593	0.0196623061842469	0.0068968633999324	0.0211014551430172	0.0121706537735378	0.023032529911201	0.0141638681936595	0.0301509525768916	0.0038500370839976	0.0020171629287553	0.0024919782601912	0.0208603916412937	0.0101691256448778	0.0347314288840221	0.019523003526092	0.0	0.0225551368396894	0.0107301881897099	0.028412901274594	0.0351815607175823	0.029509781692138	0.0294571972612804	0.00058033721112	0.000685957812054	0.0130083562992593	0.0208807111073936
0.0	0.0022474214510301	0.002308137953359	0.0	0.0	0.0	1.1393327978991096e-05	1.791371874352167e-05	0.0053920521455594	0.0	0.0040412097248411	0.0	0.0148496836215656	0.0	0.0	0.0	0.0003909974866855	0.0014342860699588	0.0043749503519102	0.0	0.0	1.5915629898448562e-05	0.0001783591622431	0.0	0.0027646676470644	0.008035618399862	0.0130365812333376	0.0	0.0	0.0	0.002238433143436	0.0	0.0	8.685834880134096e-06	0.0001028705218881	0.028099666196484	0.0001559712464786	3.656893645713524e-05	0.0	0.0003519395128217	0.0008222026628457	0.0002133347474829	0.0146342413874598	0.0003435851743332	0.0147783064935061	0.0047986469840576	0.0261872095876509	0.0008867411937221	0.0022923143812486	0.0015639015555925	0.002043866846644	0.0129894331270944	0.0088833872532373	0.0003723718349712	0.0001884284266389	0.0232277482644692	0.0001236249192854	0.0212191326175358	0.0	0.0183530622681147	0.0306897926863775	0.0073467593886499	0.0008888407169003	0.0007855709294654	0.0138824130647024	0.0	0.0001442359734202	0.0026906433367803
1.0480237966723076e-05	0.0106454380828796	0.0086857492171974	1.6998180142465817e-05	0.0	0.0001470986193687	6.889519022201095e-05	9.064369567214174e-05	7.39141401719034e-05	0.0	0.0046141699018598	1.4094981739622892e-05	0.0225891796545662	1.0260947783619108e-05	0.0	0.0	0.0064250864580355	0.0087197496722781	0.0135014244986074	0.0	6.76378784450428e-05	6.501818092853532e-05	0.0001609844144937	0.0005586594982901	0.0072011064754837	0.0227102504893299	0.0276551434466987	2.634486001213965e-05	1.499363038886386e-05	6.807165454089666e-06	0.0079658685102301	0.0	1.0314905468234322e-05	0.0002791010317302	0.012985511261651	0.0253982819362207	0.0331077682185204	0.0057969563559972	0.0	0.0163322288058526	0.0317914985690975	0.0263555159459082	0.0023167099838016	0.0163835211236274	0.031608340616089	0.0175729606241224	0.0254703357047202	0.0271148550534461	0.0006243560701654	0.0032469061779114	0.0261733759722657	0.0336169884719502	0.0364869123746495	0.0141597146141384	0.0258476299409879	0.0055719080824376	0.0304096000606284	0.0116245425702698	0.0208739722182385	0.0	0.0408880166879367	0.02900146439187	0.0183391667900855	0.0197997637976672	0.0249817464924366	0.001541075667562	0.0001521604735591	0.0269682442721419
2.1810378404520063e-05	0.0203256505221945	0.0283085232989841	0.0	0.0	0.0001130743341012	0.0005952353236223	0.0004387201839586	0.0002975384787046	0.0001835939794305	0.0036463944249222	3.781633544262139e-05	0.0189914500868712	0.0003036586643874	0.0	0.0065116123707217	0.013286446954175	0.0086530113707359	0.0149335661204935	0.0	0.0016643740030262	0.0174052236217413	0.0234653857023663	0.0019654896559145	0.0115353832605468	0.0251887467543269	0.0369840334001047	0.0019444760518276	0.000265103080547	9.420109072847752e-05	0.0080972247464775	0.0	1.932563990747353e-05	0.0025587227550356	0.0104740180283103	0.0319772085934513	0.0306945740496826	0.0048643459051503	0.0001808899690275	0.0097157139370224	0.0255328435394941	0.0143913343466647	0.0196034661701716	0.0115506132517921	0.024236911253935	0.0142031187927477	0.0310556436607494	0.0194417061398277	0.0067533519150545	0.0320884748177889	0.0379762474025101	0.0302785026285686	0.034155716816801	0.0121247365074646	0.0249414449974905	0.0300202269993183	0.0406167563307085	0.0276200881931581	0.0284020216556675	0.038624386075801	0.0	0.0288194662904438	0.0125887588520729	0.0203812719550395	0.0259233645952624	0.0001933899416841	0.0001215954014957	0.0330213725637544
0.0035705978491353	3.204596786597875e-05	0.0007479763031691	0.0086946312759897	0.0	0.0107757438184855	0.0089740184468727	0.0063487163114278	0.0178813488456654	0.0075196153380512	0.0001699220017414	0.0035015763458518	4.8697569268644754e-05	0.0043409383233988	0.0002719298601836	0.0159108480681179	1.9673532124260257e-05	2.479216926015621e-05	1.81547978026132e-05	0.0026172108553013	0.0136010181761085	0.0140696891148539	0.0020090456600512	0.0260564992274595	0.0	0.0004608333373118	0.0023239216842938	0.0248706323796003	0.0082115240719502	0.0089922723784087	3.193841089483988e-06	0.0002166587726477	0.002764367058633	0.0065984845551443	0.0266771258903523	0.0123725478972654	0.0291558158427302	0.0240423047183018	4.767242135998042e-05	0.0296757562560091	0.0380067727010164	0.031791747380758	0.0255153122056995	0.0329901227933128	0.0122864204758639	0.0213340896660784	0.0028567927264811	0.0295711813311617	0.0019762922531328	0.0279065435376635	0.0159638422280884	0.0059205547751439	0.0142073388890327	0.0237542771863554	0.0302547953397901	0.0226956342345586	0.0368081371457026	0.0334953710526187	0.0067992805151174	0.027364624041168	0.0280083817908771	0.0	0.0344921019210391	0.0398143919488401	0.0017688886866635	0.0027457607200795	0.0166749002988409	0.0295831759230333
0.0016773735908525	0.0	0.0001148763672259	0.0005261566873915	0.0	0.0018016418951522	0.0036254436637804	0.0014837893789207	0.0080568439867861	0.0013789599980433	0.0	0.000107164251842	1.1430622068612553e-05	0.0009711573839198	4.274333219204499e-05	0.0008368766198747	0.0	2.4261604396121134e-06	4.545888262312406e-06	4.622890434949168e-05	0.0021225742505131	0.0006894754742561	0.0001739371377345	0.0119804055313985	0.0	4.6790784203514704e-05	0.0002483555359266	0.0112857613911377	0.0050011264115937	0.0013776430872702	0.0	0.0	0.0013582847999223	0.0029423910999456	0.0286745044744562	0.0034052488688684	0.0081990967084356	0.0251696735776427	0.0002471109202434	0.0233558637908392	0.0296826179932464	0.0243814389827579	0.0198116865087751	0.0291773651580267	0.0207719352197038	0.0256110685264325	0.0034184280043857	0.0291445999185574	0.0022903264680936	0.0058414890100349	0.0048283628887714	0.0120735653965185	0.0085247388047554	0.0295969444951481	0.0094504523655723	0.0066665452824756	0.0125157256144164	0.0315039306059659	0.0004863711950681	0.0171127384994451	0.011609254559956	0.0373375811156397	0.0	0.0285712841252174	0.0034520963437721	0.0201843216206309	0.0341358589576065	0.0323688113747192
0.0006008936694013	7.743737220274455e-05	0.000814099519964	3.607128067958979e-05	0.0	0.0012805243301563	0.0017413058888384	0.0006393304527533	0.0046428491127813	0.0005426907779805	0.0	2.5568768870307915e-06	0.0	0.0004536861077187	0.0	0.0110826115426623	1.1595377274729596e-05	3.1578493180235658e-06	0.0	0.0	0.0138153565333764	0.0053843181219283	0.0017312670711738	0.0132431817566861	0.0	0.0003369615354773	0.0016025812112346	0.015663422692277	0.0029193836594658	0.0024639225652245	0.0	0.0	0.001354156417783	0.0025663128985694	0.021700328888541	0.005334107444842	0.0150555765176596	0.0013566287528918	0.0	0.0054894559638566	0.0327094678491847	0.0173802171004075	0.0165147486546096	0.0048883000476725	0.0041214624283656	0.001153216222405	6.956886750535559e-05	0.0222037223609471	1.1408301855730896e-05	0.0221908347602589	0.0184236123722448	0.0097344599420123	0.0191689238826388	0.0006337224379369	0.0368684740578131	0.017134285244265	0.0306445993770398	0.0294957277357701	0.0006608938261059	0.0210767110188254	0.0215346195492137	0.0415901133422725	0.0274993537185005	0.0	0.0008912144346263	1.8788900675850447e-05	0.0076697864849771	0.028705159830954
0.0	0.0001204704449436	7.406737369160256e-06	0.0	0.0	0.0	0.0	0.0	2.158317303828665e-06	0.0	0.0014497192395903	0.0	0.0124464552870491	0.0	0.0	0.0	5.80617028781546e-06	0.0008178129980698	0.0002008233634263	0.0	0.0	4.311105813141037e-06	0.0	3.4256679365320265e-05	0.0068303190719951	0.0039597210578324	0.0030929728590828	0.0	0.0	0.0	0.0010027824187593	0.0	0.0	0.0	0.0002068782722429	0.000443544258281	0.0008278286704741	0.0002118792884679	0.0	0.002281508072139	0.001383064374459	0.002433199656614	4.4828994024089736e-05	0.0023078781559041	0.0234835467730784	0.0043246676543849	0.0228242886883935	0.007667638163973	2.2936754689122236e-05	0.0001990323593205	0.0015270350537615	0.0123068165174144	0.0036360994313155	0.0016757867147362	0.0004228377283476	0.0001331622762108	0.0008449824134251	0.0001805972135604	0.0108806700618565	0.0195480306346177	0.020420258512735	0.0012448295067079	0.0032989005708144	0.0002216608752012	0.0	0.0001221540353248	0.0	0.0103295861025725
0.0	0.0	0.0	0.0	0.0	0.0002201934677686	0.0	0.0	3.488998361500049e-05	5.772096650053346e-06	0.0	0.0	0.0	0.0	0.0	0.0	0.0	0.0	0.0	0.0	0.0	0.0	0.0	0.0002195861679656	0.0	0.0	0.0	0.0001440970244512	0.0	0.0	0.0	0.0	0.0	0.0	0.0003351160654472	0.0	0.0005176933168334	0.0008512075569308	0.0187382266002954	0.0245098640858616	0.0046366840771118	0.0198159849872426	0.000545700200688	0.007768774079081	0.0068384420865153	0.0103624759425121	0.0002649605883195	0.0146150924384254	0.0079389468851627	0.0	1.605635938268907e-05	0.0009242939972807	0.0001583385272286	0.0051935437209268	0.0	4.016842943296161e-05	0.0008135645826906	0.0009254463225632	0.0	0.0029076135525714	0.0003984085464864	0.0048225065437072	0.022166500072763	3.8921133184248605e-05	0.0002484103565313	0.0	5.897525430597809e-05	0.0286380977756596
4.118311851047464e-05	0.0	1.4584027447105638e-05	0.0	0.0	7.671763675893522e-05	3.74200177261099e-05	1.9453412965264725e-05	0.0007143950765912	0.0	0.0	0.0	0.0	0.0	0.0	0.0	0.0	0.0	0.0	0.0	0.0	7.869099221825089e-05	4.294201653698434e-05	0.0012804583045775	0.0	0.0	0.0	0.0019803624285516	0.0001154689177961	8.449162001674712e-05	0.0	0.0	3.4839090387843385e-05	0.0	0.0048370549822347	0.0005216465303457	3.76091043637169e-05	0.0021979595424958	0.0	0.0007154691084715	0.0066257332166773	0.0015688745072515	0.0051949553665728	0.0021713707442944	2.105423377559105e-05	2.9483975702800952e-05	0.0	0.0009345331705848	0.0	0.0007011522778567	0.0	2.105423377559105e-05	4.8115056689930585e-05	0.0007567164219363	0.0022661476074602	0.0010020630795326	0.00019324939193	0.0161705054445698	3.616198410801008e-05	0.0004105006437653	0.000178083477734	0.0206534571353222	0.0309552528317772	0.011700579573077	0.0	9.45338996208448e-05	0.0	0.0162256264015298
5.214755457959375e-05	0.0002883432247559	0.0008214160535128	5.95171237982272e-05	0.0	0.0001728426861479	0.0002563980677277	0.0002240306945645	0.0013610481295939	8.150382369703229e-05	0.0	2.915009821210777e-05	0.0007482381857127	0.000187988510765	0.0	0.0002721284454984	4.15052181770796e-05	7.974824527890761e-05	0.0002939412185969	1.0864836283647597e-05	0.0001939582785014	8.544026135941441e-05	6.692950043842962e-05	0.0048214155932337	4.718453028660869e-05	0.0005804866847739	0.0028387312239654	0.0019777273368807	0.0003458395056408	0.0003477176135567	2.6087369761382577e-05	0.0	5.575973945173953e-05	8.200881239570941e-05	0.0126951897376577	0.0063793558832902	0.0141035203299337	0.0147986310906181	0.0140552389976961	0.0199636358044808	0.022816425234122	0.0232066035995271	0.0076654936312743	0.0200302480011093	0.0328378393951959	0.0217713241174073	0.0116240346142809	0.0266341602308748	0.0012486370437668	0.0093845267142048	0.0179022594968876	0.0217436958048683	0.0247975181221904	0.0183718241873318	0.0300521270679061	0.0018665475402714	0.0318543966452218	0.0195562285012378	0.0014344922388074	0.0258676055834268	0.0343280108390893	0.0300930831134007	0.0253214277661406	0.0266619736105265	0.0082243116856053	0.0232660269839889	0.014926588859084	0.0
